282,Francois
286,Balthazar
374,Madame Francois
423,Balthazar
472,Madame Francois
574,Balthazar
589,Francois
790,Francois
872,Madame Francois
964,Madame Francois
1178,Balthazar
1243,Madame Francois
1300,Madame Francois
1486,Florent
1534,Madame Francois
1551,Balthazar
1584,Florent
1597,Madame Francois
1619,Louis Napoleon
1867,Vernon
2208,Florent
2565,Florent
2592,Francois
2614,Florent
2653,Francois
2747,Madame Francois
2787,Francois
2791,Balthazar
2835,Florent
2904,Florent
2983,Florent
3023,Madame Francois
3269,Florent
3378,Florent
3523,Florent
3579,Eustache
3594,Saint Eustache
3606,Madame Francois
3651,Lacaille
3769,Florent
3779,Madame Francois
3935,Florent
4008,Francois
4032,Mother Chantemesse
4043,Florent
4103,Elysee
4147,Florent
4155,Vivienne
4242,Florent
4627,Florent
4637,Eustache
4675,Madame Francois
4682,Madame Chantemesse
4696,Florent
4715,Eustache
4989,Florent
5167,Rue Vivienne
5306,Florent
5500,Chantemesse
5567,Madame Francois
5576,Florent
5727,Florent
5733,Florent
5791,Francois
5903,Florent
6057,Florent
6135,Florent
6284,Florent
6437,Florent
6759,Florent
6874,Marcel
6934,Marcel
7000,Jules
7004,La Sarriette
7035,Jules
7135,Eustache
7177,Florent
7245,Lacaille
7333,Francois
7357,Florent
7360,Lacaille
7436,Madame Francois
7492,Florent
7510,Florent
7523,Lacaille
7583,Madame Francois
7658,Madame Francois
7700,Madame Francois
7725,Florent
7908,Monsieur Claude
7967,Madame Francois
8106,Madame Francois
8126,Monsieur Claude
8140,Florent
8204,Claude
8227,Francois
8241,Florent
8275,Florent
8419,Florent
8467,Claude
8517,Florent
8610,Claude
8687,Claude
8806,Claude
8817,Florent
8903,Florent
9096,Mademoiselle Saget
9105,Claude
9166,Florent
9192,Florent
9236,Claude
9240,Murillo
9261,Claude
9269,Murillo
9323,Florent
9349,Claude
9368,Florent
9442,Monsieur Lebigre
9515,Florent
9517,Lacaille
9570,Monsieur Lebigre
9626,Claude
9629,Florent
9724,Claude
9729,Alexandre
9743,Charentonneau
9812,Claude
9815,Florent
9859,Florent
9873,Monsieur Lebigre
9911,Florent
9939,Alexandre
9956,Alexandre
9960,Claude
9965,Florent
10053,Florent
10118,Claude
10120,Florent
10134,Florent
10499,Florent
10573,Florent
10575,Claude
10644,Florent
10709,Claude
10934,Claude
10936,Florent
11096,Rue Berger
11103,Claude
11105,Florent
11208,Claude
11225,Claude
11292,Marjolin
11296,Cadine
11325,Florent
11349,Claude
11518,Florent
11550,Baratte
11610,Florent
11635,Claude
11942,Florent
11986,Claude
12031,Alexandre
12036,Florent
12143,Claude
12229,Florent
12305,Marjolin
12316,Marjolin
12389,Cadine
12394,Mother Chantemesse
12425,Rubens
12460,Claude
12472,Saint Eustache
12476,Florent
12538,Florent
12560,Claude
12643,Eustache
12683,Florent
12838,Claude
12887,Eustache
13016,Rue Rambuteau
13283,Rue Rambuteau
13370,Claude
13644,Claude
13651,Florent
13679,Saint Eustache
13915,Guillot
13958,Claude
14022,Marjolin
14026,Cadine
14064,Florent
14101,Claude Lantier
14124,Florent
14152,Florent
14166,Madame Francoise
14417,Florent
14608,Rue Montorgueil
14612,Rue Turbigo
14637,Florent
14646,Pierre Lescot
14669,Rue Rambuteau
14750,Florent
14777,Rue Berger
14927,Lacaille
14948,Florent
14998,Florent
15009,Lacaille
15070,Eustache
15196,Florent
15257,Florent
15384,Florent
15572,Florent
15951,Florent
16077,Madame Francois
16091,Claude
16349,Florent
16515,Florent
16694,Mademoiselle Saget
16709,Madame Lecoeur
16816,Florent
16826,Claude
16832,Mademoiselle Saget
16871,Mademoiselle Saget
16879,La Sarriette
16887,Madame Lecoeur
17001,Mademoiselle Saget
17044,Madame Lecoeur
17193,Mademoiselle Saget
17262,Florent
17326,Florent
17371,Florent
17444,Mademoiselle Saget
17501,Florent
17525,Florent
17529,Quenu
17566,Florent
17575,Claude Lantier
17593,Madame Quenu
17601,Gavard
17608,Florent
17685,Florent
17717,Rue Rambuteau
17750,Eustache
17825,Florent
18115,Strasburg
18161,Lyons
18403,Florent
18727,Lisa
18730,Gavard
18733,Florent
18767,Florent
18849,Florent
18865,Quenu
18935,Lisa
18942,Florent
18963,Lisa
18965,Lisa
18985,Pauline
19088,Lisa
19102,Florent
19106,Quenu
19108,Lisa
19113,Monsieur
19167,Quenu
19179,Florent
19304,Florent
19324,Lisa
19327,Pauline
19408,Quenu
19431,Florent
19498,Florent
19626,Florent
19716,Quenu
19831,Florent
19869,Quenu
19981,Florent
20014,Quenu
20102,Florent
20460,Quenu
20498,Florent
20585,Florent
20616,Quenu
20669,Florent
20683,Quenu
20812,Quenu
20846,Florent
20954,Florent
21018,Florent
21073,Florent
21096,Quenu
21234,Florent
21257,Quenu
21320,Florent
21402,Gavard
21419,Florent
21480,Quenu
21575,M. Zola
21704,Brillat - Savarin
21776,Quenu
21948,Gavard
21987,Quenu
22074,Florent
22158,Florent
22178,Quenu
22352,Gradelle
22435,Florent
22444,Gradelle
22483,Florent
22545,Florent
23096,Quenu
23164,Quenu
23192,Florent
23255,Gradelle
23278,Florent
23283,Gradelle
23289,Florent
23317,Florent
23333,Quenu
23390,Quenu
23421,Gradelle
23489,Florent
23523,Gradelle
23544,Florent
23555,Quenu
23665,Gradelle
23714,Gradelle
23794,Gradelle
23863,Quenu
23897,Florent
23920,Gradelle
24044,Lisa
24129,Lisa
24165,Lisa
24177,Gradelle
24302,Lisa
24350,Gradelle
24366,Quenu
24399,Lisa
24601,Macquart
24616,Macquart
24732,M. Zola
24749,Lisa
24870,Uncle Gradelle
24938,Quenu
24963,Lisa
24994,Lisa
25070,Mademoiselle Lisa
25078,Monsieur Quenu
25083,Quenu
25089,Lisa
25203,Mademoiselle Lisa
25250,Lisa
25474,Lisa
25493,Quenu
25531,Uncle Gradelle
25537,Lisa
25603,Quenu
25648,Mademoiselle Lisa
25656,Monsieur Quenu
25663,Gradelle
25687,Lisa
25725,Gradelle
25770,Quenu
25799,Lisa
25803,Quenu
25807,Florent
25820,Gradelle
25839,Lisa
25846,Quenu
25957,Quenu
26137,Uncle Gradelle
26164,Lisa
26166,Quenu
26182,Lisa
26264,Quenu
26273,Lisa
26436,Lisa
26471,Lisa
26481,Quenu
26517,Lisa
26584,Lisa
26651,Quenu
26702,Lisa
26796,Lisa
26826,Quenu
26873,Lisa
26882,Rue Pirouette
26908,Uncle Gradelle
27026,Quenu
27055,Lisa
27084,Lisa
27147,Quenu
27155,Gradelle
27206,Lisa
27269,Quenu
27297,Lisa
27525,Lisa
27766,Quenu
27818,Lisa
27918,Lisa
28271,M. Zola
28321,Lisa
28385,Quenu
28396,Florent
28492,Florent
28545,Lisa
28549,Florent
28633,Florent
28675,Florent
28682,Lisa
28692,Quenu
28720,Florent
28728,Gavard
28743,Florent
28745,Lisa
28785,Quenu
28796,Florent
28850,Lisa
28898,Florent
28915,Lisa
28926,Quenu
29172,Lisa
29179,Quenu
29186,Lisa
29269,Lisa
29339,Lisa
29352,Uncle Gradelle
29406,Florent
29408,Quenu
29414,Lisa
29456,Florent
29488,Lisa
29517,Florent
29547,Gradelle
29588,Florent
29599,Quenu
29675,Florent
29679,Lisa
29887,Florent
29956,Florent
29993,Lisa
30007,Florent
30123,Florent
30174,Lisa
30232,Lisa
30242,Quenu
30257,Florent
30264,Uncle Gradelle
30322,Lisa
30366,Florent
30533,Florent
30540,Lisa
30640,Florent
30701,Florent
30703,Florent Laquerriere
30744,Quenu
30761,Lisa
30782,Florent
30836,Quenu
30874,Lisa
30882,Florent
30914,Florent
30967,Lisa
30984,Florent
31015,Quenu
31044,Lisa
31147,Florent
31183,Quenu
31260,Leon
31313,Auguste Landois
31351,Florent
31397,Augustine Landois
31472,Auguste
31492,Florent
31501,Madame Quenu
31510,Augustine Landois
31603,Florent
31617,St. Ouen
31634,Augustine
31655,Auguste
31703,Florent
31742,Florent
31761,Auguste
31771,Augustine
31775,Lisa
31777,Florent
31796,Lisa
31833,Lisa
31990,Gavard
31999,Florent
32043,Gavard
32084,Charles X
32104,Louis Philippe
32176,Napoleon III
32258,Gavard
32483,Florent
32488,Gavard
32537,Gavard
32541,Florent
32685,Florent
32724,Gavard
33036,Florent
33104,Florent
33140,Monsieur
33217,Gavard
33379,Florent
33386,Gavard
33487,Madame Lecoeur
33544,Gavard
33570,Madame Lecoeur
33741,Sarriet
33872,Monsieur Jules
33951,La Sarriette
33985,Monsieur Jules
34008,Gavard
34010,La Sarriette
34038,Florent
34064,Marjolin
34088,Lisa
34138,Gavard
34143,Lisa
34156,Florent
34195,Monsieur Gavard
34287,Monsieur Gavard
34297,Lisa
34311,Marjolin
34352,Lisa
34363,Monsieur Gavard
34391,Madame Lisa
34461,Madame Lisa
34467,Lisa
34607,Lisa
34609,Marjolin
34675,Cadine
34733,Cadine
34741,Monsieur Gavard
34759,Marjolin
34772,Lisa
34792,Florent
34859,Lyons
35169,Florent
35261,Lisas
35278,Florent
35329,Lisa
35391,Gavard
35406,Quenu
35424,Florent
35430,Lisa
35435,Quenu
35448,Gavard
35459,Florent
35494,Mademoiselle Saget
35549,Lisa
35694,Jean - Jacques Rousseau
35782,Quenu
35794,Uncle Gradelle
35822,Uncle Gradelle
35846,Florent
36037,Mademoiselle Saget
36042,Lisa
36129,Florent
36184,Lisa
36300,Lisa
36303,Mademoiselle Saget
36401,Lisa
36463,Florent
36473,Monsieur Verlaque
36544,Gavard
36548,Florent
36592,Florent
36627,Florent
36671,Gavard
36680,Quenu
36687,Lisa
36720,La Sarriette
36741,La Sarriette
36761,Madame Quenu
36785,Jules
36849,Gavard
36889,Lisa
36954,La Sarriette
37016,Lisa
37131,La Sarriette
37257,Mademoiselle Saget
37267,Lisa
37278,Gavard
37282,Florent
37289,Lisa
37307,Florent
37349,Florent
37352,Lisa
37487,Gavard
37514,Madame Quenu
37545,Lisa
37590,Florent
37619,Quenu
37622,Quenu
37668,Florent
37701,Lisa
37904,Gavard
37987,Lisa
38031,Lisa
38160,Lisa
38233,Madame Lecoeur
38240,Lisa
38275,Lisa
38348,Lisa
38379,Lisa
38431,Lisa
38508,Lisa
38550,Saget
38559,Lisa
38643,La Saget
38690,Gavard
38771,Lisa
38843,Florent
38898,Florent
38927,Lisa
39025,Louise Mehudin
39054,Lisa
39165,Lisa
39174,Rue Pirouette
39208,Norman
39218,Lisa
39245,Lisa
39281,Lisa
39293,Norman
39369,La Normande
39397,Lisa
39494,Florent
39554,Lisa
39745,Norman
39779,Lisa
39810,Lisa
39836,Lisa
39862,Augustine
39875,Lisa
39892,Monsieur Verlaque
39919,Quenu
39927,Gavard
39929,Florent
39941,Monsieur Lebigre
39991,Mademoiselle Saget
39994,Madame Lecoeur
39998,La Sarriette
40023,Madame Lecoeur
40087,La Sarriette
40110,Mademoiselle Saget
40143,Monsieur Gavard
40164,Pauline
40177,Madame Lecoeur
40273,La Sarriette
40335,La Sarriette
40343,Mademoiselle Saget
40424,Florent
40453,Madame Lecoeur
40507,La Sarriette
40518,Mademoiselle Saget
40554,Monsieur Gavard
40606,Lisa
40890,Mademoiselle Saget
40945,Lisa
40981,Mademoiselle Saget
41091,Madame Lecoeur
41233,Madame Lecoeur
41267,Lisa
41283,Madame Lecoeur
41290,La Sarriette
41294,Mademoiselle Saget
41330,Gavard
41358,Mademoiselle Saget
41376,Rue Pirouette
41486,Madame Taboureau
41495,Lisa
41577,Lisa
41646,Madame Quenu
41661,Florent
41710,Florent
41805,Lisa
41869,Lisa
41995,Claude Lantier
42076,Cadine
42078,Claude
42175,Florent
42199,Claude
42241,Claude Lantier
42251,M. Zola
42357,Florent
42422,Lisa
42437,Cadine
42470,Lisa
42472,Claude
42531,Florent
42615,Claude
42807,Cadine
42865,Claude
42878,Cadine
42937,Florent
42946,Claude
42992,Lisa
43145,Lisa
43166,Florent
43706,Auguste
43708,Leon
43710,Quenu
43817,Auguste
43828,Lisa
43830,Augustine
43854,Florent
43856,Leon
43874,Auguste
43941,Quenu
43950,Auguste
43963,Auguste
44009,Lisa
44026,Madame Quenu
44093,Quenu
44099,Auguste
44175,Augustine
44191,Auguste
44212,Lisa
44216,Pauline
44361,Quenu
44376,Leon
44381,Pauline
44395,Florent
44463,Florent
44482,Lisa
44530,Florent
44558,Mouton
44567,Mouton
44605,Pauline
44633,Lisa
44654,Florent
44696,Auguste
44744,Pauline
44755,Florent
44771,Florent
44793,Napoleon
45057,Pauline
45125,Florent
45216,Lisa
45218,Augustine
45232,Lisa
45275,Pauline
45297,Lisa
45307,Quenu
45363,Quenu
45392,Auguste
45404,Leon
45444,Florent
45777,Pauline
45796,Florent
45894,Mouton
45905,Florent
45954,Lisa
46039,Florent
46046,Pauline
46172,Lisa
46213,Florent
46219,Pauline
46255,Florent
46643,Pauline
46677,Florent
46770,M. Zola
46789,Lisa
46791,Augustine
46802,Leon
46815,Quenu
46826,Auguste
46837,Pauline
46881,Quenu
46891,Auguste
46910,Quenu
46932,Quenu
46972,Lisa
46976,Florent
46995,Florent
47102,Lisa
47177,Augustine
47217,Mouton
47223,Mouton
47229,Lisa
47237,Mouton
47342,Mouton
47361,Pauline
47382,Lisa
47560,Florent
47575,Leon
47602,Auguste
47627,Quenu
47673,Florent
48443,Florent
48474,Pauline
48502,Quenu
48524,Leon
48577,Leon
48659,Quenu
48670,Leon
48705,Lisa
48707,Augustine
48718,Lisa
48729,Leon
48802,Pauline
48817,Florent
49051,Pauline
49064,Florent
49118,Quenu
49176,Leon
49216,Auguste
49301,Lisa
49303,Augustine
49322,Augustine
49326,Pauline
49330,Quenu
49342,Auguste
49344,Leon
49398,Florent
49405,Lisa
49483,Gavard
49488,Monsieur Lebigre
49522,Monsieur Verlaque
49536,Florent
49560,Florent
49564,Lisa
49577,Florent
49611,Lisa
49629,Florent
49738,Florent
49750,Lisa
49823,Lisa
49892,Florent
49964,Florent
50109,Pauline
50146,Mouton
50152,Mouton
50199,Florent
50229,Gavard
50233,Lisa
50269,Gavard
50271,Quenu
50308,Lisa
50362,Florent
50364,Monsieur Verlaque
50372,Gavard
50394,Florent
50482,Monsieur Verlaque
50524,Verlaque
50527,Gavard
50581,Florent
50787,Florent
51358,Florent
51364,Monsieur Verlaque
51558,Florent
51654,Monsieur Verlaque
51790,Monsieur Verlaque
52166,Monsieur Verlaque
52169,Florent
52247,Florent
52253,Monsieur Verlaque
52443,Monsieur Verlaque
52446,Florent
52479,Monsieur Verlaque
52557,Florent
52631,Florent
52859,Florent
52917,Norman
52925,Florent
52998,Norman
53034,Madame Quenu
53066,Monsieur Verlaque
53076,Florent
53390,Monsieur Verlaque
53426,Florent
53458,Monsieur Verlaque
53527,M. Zola
53577,Monsieur Verlaque
53583,Florent
53805,Florent
53826,Monsieur Verlaque
53847,Norman
53881,Monsieur Verlaque
53946,Florent
53952,Norman
53959,Florent
54126,Florent
54198,Lisa
54288,Gavard
54305,Monsieur Verlaque
54315,Gavard
54380,Florent
54395,Florent
54417,Monsieur Verlaque
54441,Gavard
54447,Florent
54506,Florent
54509,Monsieur Verlaque
54539,Florent
54592,Gavard
54599,Lisa
54624,Lisa
54732,Augustine
54754,Lisa
54759,Florent
54827,Lisa
54851,Gavard
54869,Lisa
54892,Madame Quenu
54920,Monsieur Lebigre
54939,Florent
54950,Gavard
54980,Monsieur Lebigre
55391,Monsieur Lebigre
55562,Monsieur Lebigre
55694,Gavard
55730,Monsieur Lebigre
55919,Gavard
55921,Florent
55929,Monsieur Lebigre
56064,Rose
56076,Gavard
56086,Florent
56090,Lebigre
56141,Florent
56143,Lebigre
56253,Robine
56257,Gavard
56259,Robine
56300,Florent
56305,Florent
56308,Gavard
56356,Robine
56462,Florent
56465,Gavard
56467,Robine
56485,Robine
56637,Madame Robine
56750,Gavard
56763,Robine
56791,Florent
56993,Monsieur Manoury
57056,Robine
57168,Gavard
57175,Rose
57239,Clemence
57242,Charvet
57253,Clemence
57299,Hebert
57366,Gavard
57395,Robine
57412,Charvet
57449,Clemence
57479,Florent
57552,Hebert
57574,Pere Duchesne
57606,Rose
57629,Charvet
57634,Clemence
57697,Gavard
57700,Florent
57709,Charvet
57770,Charvet
57790,Florent
57806,Manoury
57816,Clemence
57840,Charvet
57940,Florent
57954,Clemence
57992,Gavard
58035,Charvet
58146,Clemence
58199,Charvet
58208,Gavard
58231,Clemence
58240,Robine
58287,Florent
58349,Charvet
58396,Robine
58419,Gavard
58435,Charvet
58481,Clemence
58510,Florent
58513,Lacaille
58519,Alexandre
58524,Claude Lantier
58588,Charvet
58613,Gavard
58631,Alexandre
58650,Lacaille
58692,Robine
58705,Lacaille
58707,Alexandre
58749,Florent
58753,Mademoiselle Saget
58775,Rose
58807,Mademoiselle Saget
58894,Florent
58902,Rose
58960,La Sarriette
58995,Rose
59023,Monsieur Lebigre
59044,Mademoiselle Saget
59065,Gavard
59076,Florent
59100,Lacaille
59110,Monsieur Lebigre
59203,Monsieur Lebigre
59233,Rose
59272,Gavard
59328,Florent
59331,Lebigre
59351,Robine
59362,Charvet
59395,Augustine
59578,Florent
59602,Augustine
59678,Augustine
59694,Florent
59812,Florent
59953,Auguste
59955,Augustine
59980,Florent
60016,Norman
60024,Lisa
60044,Louise
60117,Norman
60135,Madame Mehudin
60315,Charles X
60318,Louis Philippe
60336,Mother Mehudin
60478,Claire
60500,Louise
60546,Louise
60549,Claire
60629,Claire
60835,Claire
60850,Claude Lantier
60859,Murillo
60904,Louise
60956,Louise
60960,Norman
61005,Louise
61062,Monsieur Verlaque
61067,Florent
61191,Florent
61245,Norman
61274,Lisa
61286,Madame Lecoeur
61327,Florent
61347,Norman
61448,Florent
61469,Florent
61630,Florent
61638,Norman
61645,Florent
61735,Florent
61827,Madame Mehudin
61891,Florent
61953,Mehudin
61966,Norman
61981,Florent
62138,Florent
62287,Gavard
62310,Florent
62372,Florent
62377,Claire
62665,Claire
62682,Florent
62699,Claire
62958,Claire
63258,Claire
63261,Florent
63290,Claire
63340,Florent
63370,Lisa
63441,Lisa
63516,Florent
63578,Norman
63847,Madame Mehudin
63914,La Normande
63994,Madame Mehudin
63997,Madame Taboureau
64028,Madame Taboureau
64313,Norman
64331,Madame Mehudin
64425,Madame Taboureau
64504,Taboureau
64574,Florent
64753,Florent
64767,Madame Mehudin
64821,Madame Taboureau
64874,Florent
64881,Norman
64964,Florent
64997,Norman
65007,Claire
65105,Norman
65122,Lisa
65168,Madame Saget
65171,Madame Lecoeur
65175,La Sarriette
65199,Lisa
65425,Claire
65524,Muche
65573,Muche
65578,Muche
65764,Muche
65848,Grandmother Mehudin
65917,Madonna
66013,Muche
66092,Muche
66094,Florent
66135,Muche
66187,Claire
66213,Florent
66225,Norman
66247,Florent
66293,Quenu
66374,Muche
66477,Claire
66562,Florent
66587,Muche
66620,Florent
66625,Florent
66644,Florent
66673,Florent
66696,Muche
66849,Florent
66918,Florent
66926,Lisa
66933,Florent
66944,Muche
67067,Norman
67095,Muche
67110,Florent
67130,Florent
67218,Norman
67221,Florent
67259,Monsieur Verlaque
67271,Madame Mehudin
67314,Florent
67320,Claire
67404,La Normande
67435,Lisa
67503,Muche
67644,Florent
68315,Florent
68458,Florent
68757,Florent
69120,Florent
69250,Florent
69332,Madame Francois
69386,Lisa
69390,Norman
69400,Madame Francois
69467,Florent
69507,Balthazar
69561,Balthazar
69591,Balthazar
69714,Florent
69719,Madame Francois
69804,Monsieur Lebigre
69916,Florent
70273,Florent
70285,Florent
70543,Florent
70629,Auguste
70654,Florent
70697,Augustine
70703,Florent
70757,Auguste
70802,Augustine
70834,Augustine
70854,Florent
70920,Florent
70957,Auguste
70972,Monsieur Verlaque
71014,Florent
71019,Verlaque
71050,Florent
71133,Florent
71137,Madame Verlaque
71200,Florent
71303,Florent
71353,Florent
71380,Florent
71408,Verlaque
71447,Florent
71481,Florent
71521,Monsieur Lebigre
71546,Muche
71560,Lisa
71582,Gavard
71771,Claire
71808,Claire
71896,Florent
71906,Muche
71951,Norman
71953,Florent
72070,Lisa
72107,Muche
72145,Lisa
72245,Muche
72258,Florent
72282,Norman
72285,Lisa
72289,Muche
72301,Florent
72442,Muche
72446,Norman
72458,Rousseau
72506,Madame Mehudin
72524,Florent
72569,Norman
72740,Monsieur Lebigre
72754,Norman
72837,La Normande
72936,Florent
72947,Madame Mehudin
72961,Claire
73089,Mother Mehudin
73111,Florent
73154,Florent
73165,Claire
73234,Mademoiselle Saget
73262,Claire
73284,Mademoiselle Saget
73297,Madame Quenu
73314,Florent
73429,Muche
73666,Mademoiselle Saget
73677,Florent
73704,Norman
73726,Lisa
73749,Florent
73827,Florent
73874,Lisa
73960,La Normande
74009,Claire
74014,Florent
74036,Lisa
74053,Mademoiselle Saget
74101,Mademoiselle Saget
74104,Lisa
74128,Florent
74166,Lisa
74185,Mademoiselle Saget
74261,Lisa
74265,Norman
74272,Norman
74289,Lisa
74403,Norman
74407,Lisa
74463,Lisa
74486,Norman
74583,Norman
74592,Lisa
74652,Norman
74702,Lisa
74722,Augustine
74772,Augustine
74915,Norman
74929,Lisa
74983,Lisa
75092,Mademoiselle Saget
75099,Madame Quenu
75185,Lisa
75190,Norman
75206,Pauline
75208,Muche
75260,Pauline
75266,Muche
75287,Lisa
75339,Mademoiselle Saget
75349,Muche
75372,La Normande
75413,Muche
75451,Florent
75532,Norman
75568,Lisa
75592,Florent
75642,Florent
75705,Lisa
75782,Quenu
75823,Lisa
75864,Florent
75882,Quenu
75894,Lisa
75928,Florent
75960,Lisa
76034,Gavard
76038,Florent
76042,Madame Quenu
76064,Lisa
76068,Quenu
76070,Florent
76167,Florent
76341,Florent
76370,Lisa
76453,Norman
76456,Florent
76483,Lisa
76499,Lisa
76561,Florent
76646,Florent
76650,Monsieur Lebigre
76655,Rose
76694,Florent
76703,Monsieur Lebigre
76926,Robine
76933,Clemence
76938,Charvet
76949,Alexandre
76952,Lacaille
77153,Gavard
77182,Logre
77267,Rose
77270,Clemence
77274,Charvet
77277,Robine
77289,Florent
77298,Lacaille
77300,Alexandre
77316,Charvet
77318,Florent
77332,Gavard
77355,Florent
77410,Florent
77419,Charvet
77431,Florent
77629,Gavard
77650,Charvet
77657,Hebert
77664,Robine
77667,Florent
77686,Alexandre
77688,Lacaille
77692,Gavard
77739,Charvet
77823,Robine
77910,Florent
78030,Alexandre
78065,Lacaille
78120,Gavard
78131,Logre
78143,Charvet
78273,Clemence
78476,Charvet
78480,Gavard
78508,Robine
78520,Florent
78531,Clemence
78559,Florent
78579,Charvet
78679,Clemence
78682,Charvet
78738,Rose
78763,Charvet
78766,Clemence
78893,Rose
78965,Monsieur Lebigre
78980,Monsieur Lebigre
79134,Gavard
79161,Lebigre
79201,Rose
79221,Florent
79223,Rose
79255,Monsieur Lebigre
79289,Mademoiselle Saget
79353,Florent
79397,Charvet
79425,Gavard
79432,Lebigre
79510,Logre
79592,Lacaille
79596,Monsieur Lebigre
79618,Logre
79624,Monsieur Lebigre
79759,Rose
79817,Robine
79839,Charvet
79841,Clemence
79922,Florent
80018,Quenu
80022,Monsieur Lebigre
80049,Quenu
80073,Quenu
80103,Lisa
80157,Clemence
80228,Lisa
80250,Florent
80268,Monsieur Lebigre
80290,Mademoiselle Saget
80302,Quenu
80627,Quenu
80639,Charvet
80648,Monsieur Lebigre
80663,Rose
80744,Mademoiselle Saget
80755,Madame Lecoeur
80758,La Sarriette
80810,Lisa
80860,Mademoiselle Saget
80870,Florent
80881,Gavard
80916,Madame Lecoeur
80946,Madame Quenu
80976,Monsieur Quenu
81006,Lisa
81066,Monsieur Quenu
81088,Clemence
81092,La Sarriette
81166,Charvet
81168,Clemence
81177,Lisa
81228,Madame Lecoeur
81293,Gavard
81302,Madame Lecoeur
81344,La Sarriette
81370,Jules
81439,Mademoiselle Saget
81465,Monsieur Quenu
81476,Lisa
81482,Monsieur Quenu
81505,Lisa
81522,Quenu
81605,Lisa
81680,Lisa
81717,Madame Lecoeur
81738,Mademoiselle Saget
81762,La Sarriette
81776,Jules
81784,Lisa
81805,Florent
81807,Quenu
81812,Monsieur Lebigre
81893,Quenu
81967,Lisa
81992,Quenu
82044,Gutenberg
82055,Lisa
82065,Quenu
82192,Lisa
82271,Quenu
82276,Lisa
82323,Quenu
82385,Lisa
82420,Mademoiselle Saget
82455,Lisa
82598,Quenu
82800,Gradelle
82897,Quenu
82936,Florent
82939,Charvet
82978,Lisa
83059,Lisa
83325,Gavard
83421,Quenu
83428,Charvet
83495,Lisa
83609,Saccard
83789,Quenu
83844,Monsieur Lebigre
84049,Quenu
84254,Monsieur Lebigre
84282,Lisa
84348,Pauline
84437,Quenu
84465,Lisa
84486,Gavard
84534,Lisa
84562,Florent
84704,Augustine
84803,Lisa
84954,Quenu
84961,Lisa
85125,Florent
85129,Lisa
85156,Florent
85332,Florent
85379,Lisa
85446,Quenu
85508,Lisa
85532,Marjolin
85905,Marjolin
85914,Mother Chantemesse
85982,Chantemesse
85991,Cadine
86042,Mother Chantemesse
86065,Mother Chantemesse
86153,Cadine
86156,Marjolin
86193,Therese
86288,Marjolin
86395,Cadine
86397,Marjolin
86430,Mother Chantemesse
86437,Cadine
86449,Marjolin
86570,Cadine
86584,Marjolin
86603,Madame Chantemesse
86727,Cadine
86733,Marjolin
86805,Mother Chantemesse
87018,Mother Chantemesse
87041,Cadine
87043,Marjolin
87162,Madame Chantemesse
87287,Mother Chantemesse
87442,Cadine
87448,Marjolin
87451,Marjolin
87460,Cadine
87511,Marjolin
87519,Cadine
87524,Madame Chantemesse
87595,Mother Chantemesse
87741,Cadine
87747,Marjolin
87871,Mother Chantemesse
87941,Marjolin
87952,Cadine
88071,Cadine
88230,Marjolin
88381,Marjolin
88433,Cadine
88490,Marjolin
88509,Monsieur Chantemesse
88520,Cadine
88581,Cadine
88602,Marjolin
88765,Cadine
88806,Marjolin
88870,Marjolin
88902,Marjolin
88989,Cadine
89093,Cadine
89135,Mary
89199,Cadine
89309,Marjolin
89532,Cadine
89633,Marjolin
89731,Cadine
90073,Cadine
90085,Marjolin
90383,Cadine
90388,Mother Chantemesse
90659,Cadine
90758,Cadine
90770,Marjolin
90840,Cadine
90936,Cadine
90938,Marjolin
91018,Cadine
91189,Cadine
91191,Marjolin
91288,Cadine
91290,Marjolin
91490,Cadine
91602,Cadine
91628,Marjolin
91702,Claude Lantier
92178,Cadine
92180,Marjolin
92185,Claude
92266,Cadine
92268,Marjolin
92302,Claude
92445,Cadine
92834,Rue de Viarmes
92912,Claude
93007,Rue des Halles
93069,Cadine
93071,Marjolin
93209,Rue Courtalon
93379,Rue de la Grande Truanderie
93438,Marjolin
93480,Pierre Lescot
93487,Cadine
93685,Cadine
93687,Marjolin
93708,Claude
93764,Rue Oblin
93805,Cadine
93863,Rue Turbigo
94111,Cadine
94556,Cadine
94650,Claude
94880,Cadine
94913,Claude
94923,Cadine
94987,Cadine
95066,Claude
95068,Cadine
95071,Marjolin
95124,Claude
95376,Claude
95378,Cadine
95381,Marjolin
95435,Rue Berger
95501,Claude
95625,Claude
95693,Cadine
95695,Marjolin
95707,Mother Chantemesse
95827,Cadine
95829,Marjolin
95836,Leon
95838,Quenu
95900,Leon
95907,Cadine
96124,Cadine
96268,Florent
96297,Cadine
96299,Marjolin
96334,Cadine
96625,Cadine
96669,Leon
96764,Marjolin
96766,Leon
96768,Cadine
96801,Cadine
96818,Claude
96827,Cadine
96921,Gavard
96941,Cadine
96955,Mother Chantemesse
97011,Cadine
97033,Marjolin
97183,Cadine
97215,Marjolin
97219,Lisa
97230,Gavard
97280,Gavard
97308,Lisa
97327,Monsieur Lebigre
97343,Mademoiselle Saget
97373,Quenu
97434,Quenu
97453,Monsieur Lebigre
97476,Lisa
97494,Florent
97614,Quenu
97633,Quenu
97650,Lisa
97685,Quenu
97899,Gavard
97924,Lisa
97941,Pauline
97970,Florent
97994,Florent
98023,Lisa
98108,Quenu
98121,Florent
98161,Lisa
98163,Auguste
98165,Augustine
98174,Pauline
98240,Quenu
98263,Florent
98352,Lisa
98439,Gradelle
98448,Lisa
98468,Madame Verlaque
98635,Lisa
98644,Florent
98779,Florent
98796,Lisa
98883,Florent
98931,Gavard
98958,Marjolin
98964,Lisa
98982,Florent
98996,Claude Lantier
99000,Madame Francois
99071,Marjolin
99247,Marjolin
99255,Cadine
99300,Lisa
99302,Marjolin
99606,Marjolin
99729,Lisa
99768,Monsieur Gavard
99801,Lisa
99907,Monsieur Gavard
99927,Marjolin
99985,Lisa
100052,Marjolin
100097,Madame Lisa
100109,Lisa
100218,Marjolin
100253,Lisa
100352,Marjolin
100354,Lisa
100401,Monsieur Gavard
100451,Gavard
100466,Marjolin
100488,Lisa
100520,Marjolin
100559,Lisa
100649,Gavard
100740,Lisa
100748,Marjolin
100845,Lisa
101016,Lisa
101067,Marjolin
101077,Lisa
101162,Monsieur Gavard
101192,Marjolin
101206,Lisa
101247,Marjolin
101285,Lisa
101339,Marjolin
101480,Lisa
101519,Marjolin
101570,Marjolin
101581,Mother Palette
101611,Leda
101671,Marjolin
101698,Lisa
101772,Monsieur Gavard
101796,Marjolin
101848,Lisa
101995,Lisa
102006,Marjolin
102114,Lisa
102176,Marjolin
102193,Lisa
102318,Lisa
102386,Marjolin
102438,Lisa
102500,Lisa
102584,Quenu
102643,Madame Taboureau
102735,Marjolin
102790,Quenu
102855,Taboureau
102875,Lisa
102895,Quenu
102930,Florent
103018,Augustine
103069,Augustine
103230,Abbe Roustan
103264,Cadine
103274,Florent
103276,Claude
103317,Mademoiselle Saget
103357,Madame Quenu
103361,Lisa
103492,Mademoiselle Saget
103497,Cadine
103517,Marjolin
103540,Lisa
103569,Lisa
103606,Marjolin
103620,Cadine
103668,Lisa
103677,Claude
103685,Florent
103722,Claude
103724,Florent
103744,Francois
103796,Philippe
103874,Balthazar
103893,Rue Montorgueil
103921,Madame Francois
103979,Claude
103981,Florent
103992,Madame Francois
103999,Balthazar
104038,Francois
104073,Florent
104075,Claude
104117,Francois
104130,Claude
104204,Balthazar
104311,Eustache
104399,Florent
104425,Eustache
104481,Florent
104486,Claude
104634,Florent
104666,Saint Eustache
104716,Monsieur Claude
104721,Madame Francois
104742,Balthazar
104759,Balthazar
104841,Florent
104960,Claude
105098,Lisa
105109,Auguste
105469,Lisa
105512,Auguste
105622,Florent
105665,Madame Francois
105719,Lisa
105752,Balthazar
105829,Claude
105831,Florent
105872,Claude
105989,Claude
106039,Florent
106058,Claude
106067,Madame Francois
106114,Mont Valerien
106150,Mont Valerien
106167,Francois
106398,Florent
106617,Claude
106657,Madame Francois
106762,Claude
106810,Florent
106846,Florent
106900,Florent
106946,Lisas
107014,Claude
107068,Florent
107107,Florent
107131,Courbevoie
107207,Claude
107276,Florent
107290,Claude
107395,Claude
107451,Abel
107575,Florent
107586,Claude
107898,Gavard
107901,Mademoiselle Saget
107907,Marjolin
107911,Florent
107934,Claude
107991,Mademoiselle Saget
108036,Marjolin
108039,Cadine
108042,La Sarriette
108084,Monsieur Lebigre
108104,Charvet
108106,Clemence
108111,Lacaille
108126,Alexandre
108131,Robine
108205,Lisa
108213,Norman
108217,Mademoiselle Saget
108255,Gavard
108283,Madame Francois
108287,Florent
108290,Claude
108423,Claude
108471,Florent
108568,Saint Eustache
108596,Norman
108670,Lisa
108727,Gavard
108786,Abbe Roustan
108791,Eustache
108859,Gavard
108885,Lisa
108978,Lisa
109077,Saint Eustache
109169,Lisa
109210,Monsieur lâ€™Abbe Roustan
109245,Lisa
109402,Lisa
109411,Monsieur Lebigre
109500,Lisa
109507,Agnes
109516,Abbe Roustan
109679,Mary
109704,Lisa
109813,Lisa
109854,Lisa
109868,Claire
109957,Lisa
109976,Claire
110006,Lisa
110019,Agnes
110034,Abbe Roustan
110068,Madame Quenu
110123,Lisa
110147,Jour
110186,Lisa
110193,Abbe Roustan
110362,Madame Quenu
110401,Lisa
110662,Monsieur Quenu
110674,Pauline
110708,Lisa
110720,Claire
110777,Lisa
110865,Lisa
110870,Florent
110920,Florent
111004,Florent
111069,Florent
111107,La Normande
111146,Lisa
111271,Louise
111277,Florent
111383,Florent
111386,Augustine
111452,Monsieur Lebigre
111460,Florent
111620,Lisa
111755,Monsieur Lebigre
111901,Florent
112056,Florent
112114,Lisa
112171,Florent
112234,Lisa
112358,Uncle Gradelle
112410,Florent
112508,Augustine
112517,Pauline
112529,Lisa
112596,Muche
112600,Lisa
112615,Muche
112619,Pauline
112802,Muche
112850,Pauline
112945,Pauline
112989,Mother
113011,Muche
113096,Muche
113138,Pauline
113152,Muche
113212,Muche
113267,Muche
113322,Pauline
113357,Muche
113375,Pauline
113398,Muche
113479,Muche
113500,Rue Rambuteau
113575,Muche
113582,Pauline
113685,Muche
113717,Pierre Lescot
113848,Pauline
113905,Jean Goujon
113991,Muche
114027,Pauline
114078,Muche
114136,Pauline
114154,Muche
114233,Pauline
114311,Muche
114387,Pauline
114433,Muche
114581,Pauline
114594,Muche
114624,Muche
114688,Muche
114712,Mademoiselle Saget
114727,Pauline
114763,Muche
114781,Pauline
114795,Mademoiselle Saget
114977,Mademoiselle Saget
115051,Mademoiselle Saget
115427,Florent
115437,Mehudins
115448,Pauline
115464,Mademoiselle Saget
115527,Pauline
115580,Mademoiselle Saget
115692,Pauline
115762,Florent
115772,Mademoiselle Saget
115836,Muche
115845,Pauline
115917,Florent
115957,Mouton
115962,Mouton
115994,Mademoiselle Saget
116031,Pauline
116070,Muche
116094,Lisa
116141,Muche
116198,Lisa
116274,Lisa
116309,Pauline
116332,Mademoiselle Saget
116341,Rue Rambuteau
116424,Florent
116509,Mademoiselle Saget
116514,La Sarriette
116564,La Sarriette
117313,La Sarriette
117493,La Sarriette
117616,Mademoiselle Saget
117704,La Sarriette
117718,Monsieur Jules
117757,La Sarriette
117771,Jules
117855,Mademoiselle Saget
117861,La Sarriette
117874,Madame Lecoeur
117891,La Sarriette
117990,Rue Berger
118042,Madame Lecoeur
118152,Mademoiselle Saget
118164,La Sarriette
118167,Madame Lecoeur
118222,La Sarriette
118265,Madame Lecoeur
118292,La Sarriette
118423,Madame Lecoeur
118481,La Sarriette
118686,La Sarriette
118714,Mademoiselle Saget
118734,Gavard
118741,Madame Lecoeur
118822,Mademoiselle Saget
118840,Madame Lecoeur
118870,Mademoiselle Saget
119076,Bondons
119678,Gerome
119683,Mademoiselle Saget
119753,La Sarriette
119793,Madame Quenu
119866,Florent
119886,Gradelle
119994,La Sarriette
120025,Mademoiselle Saget
120049,Madame Lecoeur
120140,Madame Lecoeur
120148,Lisa
120193,La Sarriette
120198,Mademoiselle Saget
120235,Mademoiselle Saget
120318,Lisa
120336,Florent
120423,La Sarriette
120443,Mademoiselle Saget
120539,Florent
120592,Gradelle
120636,Mademoiselle Saget
120686,Lisa
120688,Quenu
120779,Lisa
120808,Monsieur Gavard
120927,Gerome
120963,Mademoiselle Saget
120984,Leonce
120992,Gavard
121037,Leonce
121040,Gavard
121090,Mademoiselle Saget
121191,Monsieur Gavard
121236,Madame Lecoeur
121247,Mademoiselle Saget
121272,Leonce
121292,Monsieur Gavard
121396,Monsieur Gavard
121427,Leonce
121473,Madame Lecoeur
121518,La Sarriette
121544,Leonce
121550,Gavard
121596,La Sarriette
121611,Jules
121724,Monsieur Gavard
121729,Mademoiselle Saget
121759,Monsieur Gavard
121787,Florent
121868,Florent
121887,Monsieur Gavard
121901,Mademoiselle Saget
121931,Madame Leonce
122191,Mademoiselle Saget
122245,Bondon
122288,Madame Lecoeur
122317,Mademoiselle Saget
122333,Bondon
122355,Mademoiselle Saget
122358,La Sarriette
122376,Monsieur Jules
122449,La Sarriette
122498,Mademoiselle Saget
122544,Jules
122582,Mademoiselle Saget
122603,Bondon
122641,Bondon
122700,Rue Berger
122900,Mademoiselle Saget
122976,Mademoiselle Saget
123214,Mademoiselle Saget
123342,M. Zola
123353,Henry Vizetelly
123438,Mademoiselle Saget
123455,Gavard
123488,Gavard
123554,La Sarriette
123575,Mademoiselle Saget
123591,Florent
123633,Florent
123804,Florent
123838,Florent
123888,Lisa
123899,Norman
123947,Monsieur Lebigre
123979,Rose
124017,Monsieur Lebigre
124042,Rose
124087,Monsieur Lebigre
124187,Monsieur Lebigre
124236,Rose
124270,Florent
124279,Muche
124390,Florent
124906,Florent
124992,Norman
125016,Lisa
125035,Florent
125054,Lisa
125088,Muche
125099,Gradelle
125220,Florent
125405,Florent
125630,Florent
125731,Florent
125743,Lisa
125824,Florent
125836,Gradelle
125857,Monsieur Lebigre
125900,Florent
125925,Florent
125974,Florent
126088,Claire
126276,Mehudin
126282,Florent
126284,Muche
126289,La Normande
126298,Monsieur Lebigre
126312,Norman
126316,Lisa
126533,Lisa
126540,Norman
126640,Lisa
126732,Madame Mehudin
126750,Madame Quenu
126824,Monsieur Lebigre
126831,Norman
126883,Lisa
126894,Florent
126911,Florent
127028,Florent
127134,Mademoiselle Saget
127173,Monsieur Lebigre
127201,Gavard
127236,Clemence
127245,Robine
127297,Monsieur Lebigre
127302,Mademoiselle Saget
127328,Clemence
127330,Gavard
127421,La Sarriette
127424,Madame Lecoeur
127472,Mademoiselle Saget
127489,Monsieur Gavard
127505,Gavard
127527,Madame Leonce
127959,Anatole
127993,Florent
128062,Mademoiselle Saget
128066,Monsieur Gavard
128080,Gavard
128088,Monsieur Lebigre
128092,Florent
128159,Monsieur Lebigre
128189,Florent
128209,Monsieur Lebigre
128326,Florent
128382,Monsieur Lebigre
128564,Florent
128586,Florent
128633,Logre
128647,Florent
128702,Logre
128744,Monsieur Lebigre
128779,Gavard
128790,Charvet
128837,Logre
128839,Lebigre
128869,Charles X
128887,Florent
129019,Charvet
129229,Monsieur Lebigre
129336,Monsieur Lebigre
129372,Charvet
129376,Lebigre
129389,Florent
129427,Clemence
129442,Monsieur Manoury
129467,Clemence
129516,Manoury
129634,Monsieur Manoury
129639,Gavard
129657,Clemence
129673,Clemence
129784,Charvet
129825,Rue de Miromesnil
129846,Clemence
129889,Charvet
129933,Florent
129990,Robine
129996,Logre
130007,Alexandre
130012,Lacaille
130109,Florent
130170,Charvet
130172,Florent
130286,Monsieur Lebigre
130292,Florent
130297,Gavard
130305,Robine
130351,Alexandre
130353,Lacaille
130402,Florent
130430,Charvet
130489,Clemence
130515,Robine
130525,Charvet
130537,Robine
130554,Charvet
130556,Clemence
130562,Lacaille
130606,Florent
130612,Claude
130660,Monsieur Lebigre
130664,Claude
130677,Robine
130710,Florent
130765,Robine
130800,Gavard
130808,Robine
130854,Robine
130888,Florent
130964,Claude
131095,Lisa
131141,Florent
131244,Robine
131326,La Sarriette
131369,Monsieur Jules
131493,Monsieur Jules
131590,Morny
131639,Claude
131642,Florent
131680,La Sarriette
131701,La Sarriette
131773,Florent
131786,Claude
131843,Muche
131852,Norman
131880,Auguste
131924,Augustine
131945,Lisa
131952,Florent
131960,Augustine
132012,Auguste
132060,Augustine
132104,Florent
132269,Florent
132383,Lisa
132397,Lisa
132485,Claude
132625,Lisa
132770,Lisa
132781,Marjolin
132887,Cadine
132948,Madame Quenu
132997,Rue de Turbigo
133018,Lisa
133115,Lisa
133156,Lisa
133231,Madame Quenu
133238,Gavard
133295,Lisa
133335,Florent
133350,Lisa
133370,Quenu
133510,Lisa
133596,Lisa
133740,Mademoiselle Saget
133759,Lisa
133840,Madame Quenu
133881,Monsieur Florent
133895,Lisa
133919,Lisa
133982,Florent
134168,Monsieur Lebigre
134257,Lisa
134376,Lisa
134431,Monsieur Gavard
134438,Madame Quenu
134448,Monsieur Gavard
134473,Monsieur Gavard
134545,Monsieur Quenu
134569,Lisa
134581,Mademoiselle Saget
134625,La Saget
134650,Rose
134676,Monsieur Lebigre
134685,Florent
134722,Monsieur Lebigre
134747,Norman
135090,Loret
135107,Hutin
135123,Mademoiselle Cecile
135207,Charvet
135209,Clemence
135362,Mademoiselle Saget
135425,Rose
135482,Madame Quenu
135538,Lisa
135620,Lisa
135659,Mademoiselle Saget
135703,Lisa
135794,Madame Taboureau
135827,Taboureau
135833,Lisa
135844,Madame Taboureau
135883,Lisa
135903,Gervais
136013,Lisa
136057,Mademoiselle Saget
136105,Madame Lecoeur
136113,Gavard
136116,Lisa
136161,Florent
136164,Quenu
136197,Quenu
136208,Florent
136218,Lisa
136278,Florent
136309,Lisa
136426,Quenu
136498,Florent
136626,Florent
136638,Uncle Gradelle
136645,La Normande
136656,Lisa
136727,Lacaille
136742,Lisa
136788,Gradelle
136827,Lisa
136962,Mademoiselle Saget
136985,Lisa
136998,Florent
137028,Lisa
137066,Mouton
137095,Lisa
137098,Augustine
137114,Florent
137215,Lisa
137277,Auguste
137279,Augustine
137285,Lisa
137340,Florent
137534,Lisa
137591,Abbe Roustan
137700,Quenu
137755,Madame Taboureau
137773,Quenu
137805,Lisa
138065,Lisa
138224,Lisa
138253,Vernon
138255,Florent
138304,Monsieur Lebigre
138314,Lisa
138382,Mademoiselle Saget
138445,Monsieur Jules
138461,Lisa
138468,Madame Mehudin
138485,Florent
138534,Auguste
138718,Lisa
138740,Monsieur Lebigre
138874,Auguste
138939,Florent
139021,Gradelle
139136,Quenu
139155,Quenu
139172,Lisa
139188,Lisa
139233,Florent
139354,Quenu
139457,Lisa
139493,Marie
139508,Pierrot
139608,Quenu
139671,Lisa
139675,Norman
139686,Florent
139691,Monsieur Lebigre
139700,Logre
139807,Florent
139939,Gavard
139952,Florent
139961,Robine
140009,Florent
140020,Robine
140043,Rose
140083,Florent
140130,Monsieur Verlaque
140172,Verlaque
140260,Florent
140293,Madame Verlaque
140312,Monsieur Verlaque
140490,Florent
140550,Lisa
140967,Florent
141411,Florent
141439,Lisa
141461,Florent
141532,Florent
141627,Florent
141722,Dominique
142084,Florent
142155,Florent
142160,Madame Francois
142227,Florent
142242,Claude Lantier
142280,Florent
142302,Claude
142308,Marjolin
142324,Claude
142397,Monsieur Gavard
142463,Claude
142517,Marjolin
142545,Claude
142551,Marjolin
142554,Cadine
142595,Claude
142605,Cadine
142642,Marjolin
142677,Cadine
142699,Florent
142763,Cadine
142888,Claude
142902,Cadine
142977,Marjolin
142989,Marjolin
143000,Claude
143002,Florent
143107,Marjolin
143283,Cadine
143392,Claude
143399,Florent
143467,Florent
143646,Claude
143719,Florent
143747,Claude
143788,Cannon
143869,Auguste
143930,Florent
143963,Auguste
143983,Monsieur Florent
144014,Lisa
144093,Florent
144140,Lisa
144158,Quenu
144187,Auguste
144220,Quenu
144260,Auguste
144268,Quenu
144362,Florent
144369,Norman
144801,Florent
144869,Florent
144896,Florent
145139,Muche
145192,Muche
145373,Muche
145381,Florent
145431,Mademoiselle Saget
145582,Claire
145625,Mademoiselle Saget
145680,Claire
145743,Claire
145757,Claire
145766,Claire
145806,Claire
145836,Muche
145842,Madame Mehudin
145846,Mademoiselle Saget
145857,Claire
145866,Coward
145868,Coward
145910,La Normande
145920,Mademoiselle Saget
145936,Claire
146087,Mademoiselle Saget
146138,Lisa
146152,Quenu
146194,Lisa
146245,Lisa
146278,Mademoiselle Saget
146371,Mademoiselle Saget
146384,Louise
146390,Florent
146429,Lisa
146485,La Normande
146512,Mademoiselle Saget
146521,Rue Pirouette
146646,Claire
146680,Mademoiselle Saget
146689,La Sarriette
146886,La Sarriette
146899,Madame Lecoeur
146912,Norman
147003,Lisa
147009,Mademoiselle Saget
147020,Lisa
147046,Norman
147129,Mademoiselle Saget
147135,Norman
147173,Lisa
147206,Lisa
147221,Norman
147267,Mademoiselle Saget
147273,Madame Lecoeur
147276,La Sarriette
147324,Norman
147336,Madame Lecoeur
147345,Monsieur Lebigre
147350,La Sarriette
147360,Monsieur Lebigre
147373,Mademoiselle Saget
147464,Florent
147534,Muche
147561,La Sarriette
147609,Muche
147775,Florent
147779,Lisa
147783,Norman
147825,Monsieur Quenu
147831,Quenu
147844,Madame Taboureau
147890,Lisa
147915,Florent
147949,Mademoiselle Saget
147954,Monsieur Quenu
147981,Madame Taboureau
148010,Florent
148032,Madame Lecoeur
148155,Madame Verlaque
148188,Madame Verlaque
148206,Mademoiselle Saget
148271,La Sarriette
148316,Mademoiselle Saget
148333,Florent
148377,Madame Lecoeur
148380,La Sarriette
148520,Mademoiselle Saget
148608,Florent
148708,Madame Lecoeur
148744,Gavard
148749,La Sarriette
148826,Mademoiselle Saget
148838,La Sarriette
148920,Florent
148929,La Sarriette
149027,Gavard
149036,Lisa
149058,Gavard
149192,La Sarriette
149195,Madame Lecoeur
149218,La Sarriette
149230,Gavard
149290,Pierre Lescot
149293,Madame Lecoeur
149296,La Sarriette
149387,La Sarriette
149430,Mademoiselle Saget
149469,Florent
149494,Madame Leonce
149527,Mademoiselle Saget
149538,Leonce
149570,La Sarriette
149667,La Sarriette
149682,Madame Lecoeur
149764,Gavard
149914,La Sarriette
149939,Madame Lecoeur
149985,Mademoiselle Saget
149999,Madame Leonce
150052,Madame Lecoeur
150132,La Sarriette
150252,La Sarriette
150320,La Sarriette
150340,Mademoiselle Saget
150343,Madame Leonce
150399,Madame Lecoeur
150446,Gavard
150482,La Sarriette
150542,Madame Leonce
150591,Mademoiselle Saget
150667,Florent
150813,Monsieur Florent
150874,Florent
150883,Norman
150923,Florent
150925,Mother Mehudin
150940,Louise
150952,Florent
151000,Norman
151037,Mademoiselle Saget
151042,Lisa
151103,Florent
151115,Monsieur Lebigre
151143,Florent
151159,Auguste
151203,Mouton
151244,Lisa
151284,Florent
151324,Mother Mehudin
151453,Norman
151516,Madame Lecoeur
151531,Mademoiselle Saget
151604,Florent
151722,Auguste
151741,Madame Mehudin
151746,La Normande
151841,Florent
151960,Florent
152041,Florent
152087,Marjolin
152127,Florent
152177,Florent
152198,Lisa
152246,Florent
152249,Quenu
152272,Auguste
152280,Florent
152425,Mademoiselle Saget
152450,Madame Lecoeur
152469,La Sarriette
152516,Claire
152565,Florent
152637,La Sarriette
152688,Lisa
152700,Augustine
152710,Quenu
152831,Lisa
152982,Lisa
152995,Quenu
153064,Lisa
153178,Lisa
153202,Florent
153258,Quenu
153334,Lisa
153471,Quenu
153511,Lisa
153525,Pauline
153538,Quenu
153547,Pauline
153624,Lisa
153653,Florent
153817,Florent
153872,Robine
153894,Lacaille
153896,Alexandre
153917,Gavard
153922,Florent
154019,Claude Lantier
154045,Madame Francois
154052,Eustache
154133,Francois
154194,Claude
154205,Madame Francois
154376,Madame Francois
154447,Monsieur Claude
154526,Claude
154580,Claude
154638,La Sarriette
154659,Monsieur Jules
154678,Mademoiselle Saget
154717,Madame Mehudin
154753,Claire
154796,Auguste
154798,Augustine
154846,Claude
154853,Rue Rambuteau
154857,Muche
154859,Pauline
154864,Muche
154874,Pauline
154906,Claude
154914,Cadine
154943,Claude
155038,Norman
155043,Madame Lebigre
155111,Claude
155261,Claude
155267,Lisa
155518,Lisa
155565,Madame Quenu
155574,Claude
