482,Jack
564,Petersburg
1021,Zimmerman
1972,Raskolnikov
2052,Raskolnikov
2195,Raskolnikov
2380,Raskolnikov
2586,Alyona Ivanovna
3088,Alyona Ivanovna
3202,Alyona Ivanovna
3206,Raskolnikov
3495,Raskolnikov
3997,Raskolnikov
4296,Raskolnikov
4647,Raskolnikov
4670,Forasmuch
4935,Raskolnikov
5093,Lebeziatnikov
5154,Raskolnikov
5301,Marmeladov
5437,Raskolnikov
5480,Lebeziatnikov
5614,Lebeziatnikov
5692,Raskolnikov
5968,Katerina Ivanovna
6048,Katerina Ivanovna
6185,Marmeladov
6297,Katerina Ivanovna
6704,Lebeziatnikov
7234,Amalia Fyodorovna Lippevechsel
7322,Katerina Ivanovna
7354,Sonia
7468,Lebeziatnikov
7568,Ivan Ivanitch Klopstock
7639,Katerina Ivanovna
7734,Sonia
7764,Katerina Ivanovna
7779,Darya Frantsovna
7816,Katerina Ivanovna
7893,Katerina Ivanovna
7920,Sonia
7951,Katerina Ivanovna
8058,Katerina Ivanovna
8068,Sonia
8082,Sonia
8118,Marmeladov
8181,Darya Frantsovna
8204,Sofya Semyonovna
8233,Amalia Fyodorovna
8246,Darya Frantsovna
8252,Lebeziatnikov
8264,Katerina Ivanovna
8268,Sonia
8280,Sonia
8322,Katerina Ivanovna
8345,Sonia
8357,Katerina Ivanovna
8383,Kapernaumov
8422,Sonia
8472,Ivan Afanasyvitch
8477,Ivan Afanasyvitch
8647,Marmeladov
8720,Marmeladov
8785,Raskolnikov
8804,Katerina Ivanovna
8807,Sonia
8856,Semyon Zaharovitch
8967,Katerina Ivanovna
9072,Sonia
9140,Katerina Ivanovna
9151,Amalia Fyodorovna
9180,Semyon Zaharovitch
9223,Semyon Zaharovitch
9253,Semyon Zaharovitch
9482,Marmeladov
9541,Raskolnikov
9717,Marmeladov
9777,Katerina Ivanovna
9870,Marmeladov
9917,Raskolnikov
9930,Sonia
9994,Marmeladov
10001,Raskolnikov
10359,Marmeladov
10752,Ye
10881,Katerina Ivanovna
10987,Marmeladov
10997,Raskolnikov
11005,Kozel
11018,Katerina Ivanovna
11026,Raskolnikov
11043,Marmeladov
11095,Katerina Ivanovna
11216,Sonia
11303,Kozel
11547,Amalia Lippevechsel
11591,Raskolnikov
11593,Katerina Ivanovna
11699,Raskolnikov
11946,Marmeladov
11964,Raskolnikov
12186,Marmeladov
12371,Raskolnikov
12476,Marmeladov
12514,Amalia Lippevechsel
12561,Raskolnikov
12630,Sonia
12679,Sonia
12710,Sonia
12752,Sonia
13059,Raskolnikov
13145,Raskolnikov
13246,Nastasya
13339,Raskolnikov
13347,Nastasya
13410,Nastasya
13532,Nastasya
13736,Raskolnikov
13773,Nastasya
14027,Raskolnikov
14150,Nastasya
14242,Rodya
14308,Dounia
14404,Vassily Ivanovitch Vahrushin
14521,Rodya
14596,Dounia
14722,Dounia
14781,Rodya
14820,Dounia
14858,Dounia
14872,Svidrigaïlov
14929,Marfa Petrovna
14933,Svidrigaïlov
14945,Dounia
14955,Svidrigaïlov
14995,Dounia
15043,Dounia
15078,Dounia
15145,Marfa Petrovna
15157,Dounia
15179,Dounia
15196,Dounia
15213,Dounia
15232,Dounia
15282,Marfa Petrovna
15289,Dounia
15335,Marfa Petrovna
15343,Dounia
15363,Dounia
15418,Dounia
15512,Dounia
15560,Dounia
15646,Marfa Petrovna
15652,Dounia
15742,Dounia
15790,Svidrigaïlov
15803,Dounia
15808,Marfa Petrovna
15816,Dounia
15826,Dounia
15838,Marfa Petrovna
15854,Svidrigaïlov
15899,Marfa Petrovna
15939,Rodya
15979,Dounia
15994,Svidrigaïlov
16008,Marfa Petrovna
16033,Dounia
16101,Dounia
16139,Dounia
16165,Dounia
16171,Svidrigaïlov
16251,Marfa Petrovna
16313,Marfa Petrovna
16324,Dounia
16371,Dounia
16428,Rodya
16431,Dounia
16534,Pyotr Petrovitch Luzhin
16543,Marfa Petrovna
16761,Rodya
16857,Pyotr Petrovitch
16957,Dounia
16991,Rodya
17036,Dounia
17127,Dounia
17257,Dounia
17272,Dounia
17418,Dounia
17421,Dounia
17445,Dounia
17513,Pyotr Petrovitch
17583,Rodya
17602,Dounia
17660,Dounia
17681,Pyotr Petrovitch
17776,Dounia
17818,Pyotr Petrovitch
17845,Rodya
17869,Pyotr Petrovitch
17887,Dounia
17927,Pyotr Petrovitch
17964,Dounia
18033,Dounia
18073,Dounia
18121,Dounia
18170,Rodya
18184,Pyotr Petrovitch
18347,Dounia
18368,Rodya
18421,Dounia
18429,Petersburg
18453,Pyotr Petrovitch
18529,Dounia
18554,Pyotr Petrovitch
18664,Dounia
18668,Pyotr Petrovitch
18680,Afanasy Ivanovitch
18734,Pyotr Petrovitch
18818,Dounia
18872,Dounia
18937,Rodya
18954,Dounia
18958,Rodya
18986,Rodya
19146,Raskolnikov
19271,Vassilyevsky Ostrov
19276,Vassilyevsky Prospect
19388,Luzhin
19424,Dounia
19481,Pyotr Petrovitch
19505,Dounia
19552,Kazan
19586,Avdotya Romanovna
19641,Dounia
19653,Dounia
19707,Luzhin
19820,Dounia
19878,Dounia
19941,Luzhin
20003,Luzhin
20126,Luzhin
20323,Petersburg
20369,Dounia
20433,Afanasy Ivanovitch
20488,Luzhin
20630,Luzhin
20642,Anna
20705,Dounia
20707,Dounia
20733,Mother
20737,Dounia
20786,Dounia
20803,Svidrigaïlov
20839,Luzhin
20914,Dounia
20916,Dounia
20978,Luzhin
20984,Dounia
21052,Lett
21097,Luzhin
21309,Rodion Romanovitch Raskolnikov
21387,Rodya
21390,Rodya
21426,Sonia
21430,Sonia
21432,Sonia Marmeladov
21484,Dounia
21486,Sonia
21496,Luzhin
21576,Sonia
21592,Dounia
21606,Sonia
21629,Dounia
21673,Marfa Petrovna
21725,Dounia
21908,Afanasy Ivanovitch Vahrushin
22225,Marmeladov
22696,Raskolnikov
22862,Raskolnikov
22970,Raskolnikov
23039,Raskolnikov
23139,Raskolnikov
23209,Raskolnikov
23216,Raskolnikov
23250,Raskolnikov
23264,Raskolnikov
23698,Raskolnikov
23736,Missy
23844,Raskolnikov
24065,Raskolnikov
24108,Raskolnikov
24191,Missy
24338,Raskolnikov
24421,Raskolnikov
24450,Raskolnikov
24469,Raskolnikov
24680,Darya Frantsovnas
24900,Dounia
24953,Vassilyevsky Ostrov
24957,Razumihin
24999,Razumihin
25014,Raskolnikov
25187,Razumihin
25341,Razumihin
25480,Raskolnikov
25494,Razumihin
25515,Raskolnikov
25535,Razumihin
25565,Razumihin
25583,Raskolnikov
25680,Razumihin
25724,Razumihin
25774,Razumihin
25800,Razumihin
26051,Vassilyevsky Ostrov
26243,Nastasya
26385,Petrovsky Ostrov
26476,Pushkin
26513,Raskolnikov
27381,Mikolka
27407,Matvey
27562,Mikolka
27663,Mikolka
27728,Mikolka
27781,Mikolka
27931,Mikolka
28135,Mikolka
28316,Mikolka
28389,Mikolka
28429,Mikolka
28519,Mikolka
28602,Mikolka
28691,Mikolka
28732,Mikolka
28787,Mikolka
29908,Raskolnikov
30004,Lizaveta Ivanovna
30024,Alyona Ivanovna
30028,Raskolnikov
30049,Lizaveta
30137,Raskolnikov
30176,Lizaveta Ivanovna
30209,Lizaveta
30235,Alyona Ivanovna
30298,Alyona Ivanovna
30394,Lizaveta
30406,Raskolnikov
30652,Raskolnikov
30665,Lizaveta
30727,Lizaveta
30778,Raskolnikov
30838,Pokorev
30844,Harkov
30856,Alyona Ivanovna
31079,Alyona Ivanovna
31093,Raskolnikov
31148,Alyona Ivanovna
31284,Lizaveta
31306,Lizaveta
31334,Lizaveta
31361,Lizaveta
31369,Raskolnikov
31381,Lizaveta
31472,Lizaveta
31524,Lizaveta
31581,Lizaveta
31753,Raskolnikov
32094,Lizaveta
32318,Raskolnikov
32563,Nastasya
32664,Nastasya
32707,Nastasya
32749,Nastasya
32805,Nastasya
34110,Nastasya
34215,Nastasya
34993,Nastasya
35588,Yusupov
36595,Raskolnikov
36734,Alyona Ivanovna
36826,Alyona Ivanovna
36833,Raskolnikov
37178,Raskolnikov
38146,Raskolnikov
38716,Lizaveta
38869,Lizaveta
38972,Raskolnikov
40133,Raskolnikov
40169,Raskolnikov
40208,Raskolnikov
40323,Alyona Ivanovna
40329,Lizaveta Ivanovna
40405,Raskolnikov
40455,Koch
40470,Raskolnikov
40488,Koch
40925,Koch
41096,Koch
41179,Raskolnikov
41302,Koch
41359,Raskolnikov
43940,Nastasya
44042,Nastasya
44125,Nastasya
44130,Nastasya
44260,Nastasya
44292,Raskolnikov
44452,Nastasya
44637,Nastasya
45678,Raskolnikov
45803,Raskolnikov
46076,Luise Ivanovna
46349,Raskolnikov
46378,Raskolnikov
46435,Raskolnikov
46470,Raskolnikov
46492,Raskolnikov
46588,Raskolnikov
46727,Raskolnikov
46808,Alexandr Grigorievitch
46833,Raskolnikov
47026,Zarnitsyn
47038,Zarnitsyn
47042,Tchebarov
47249,Raskolnikov
47393,Raskolnikov
47453,Ilya Petrovitch
47742,Karl
47748,Karl
47759,Henriette
47838,Karl
47965,Ilya Petrovitch
48000,Luise Ivanovna
48092,Raskolnikov
48228,Luise Ivanovna
48280,Nikodim Fomitch
48283,Luise Ivanovna
48318,Nikodim Fomitch
48321,Ilya Petrovitch
48356,Ilya Petrovitch
48521,Nikodim Fomitch
48527,Raskolnikov
48607,Ilya Petrovitch
48621,Raskolnikov
48648,Nikodim Fomitch
48854,Raskolnikov
48861,Nikodim Fomitch
48870,Ilya Petrovitch
49021,Ilya Petrovitch
49033,Raskolnikov
49246,Ilya Petrovitch
49289,Nikodim Fomitch
49318,Raskolnikov
49339,Raskolnikov
49492,Ilya Petrovitch
49782,Raskolnikov
49824,Raskolnikov
49885,Nikodim Fomitch
49976,Nikodim Fomitch
49982,Ilya Petrovitch
50047,Pestryakov
50120,Koch
50229,Koch
50259,Koch
50322,Noah
50360,Ilya Petrovitch
50364,Raskolnikov
50423,Nikodim Fomitch
50451,Nikodim Fomitch
50498,Ilya Petrovitch
50545,Raskolnikov
50607,Raskolnikov
50627,Ilya Petrovitch
50643,Nikodim Fomitch
50653,Ilya Petrovitch
50659,Nikodim Fomitch
50705,Ilya Petrovitch
50716,Raskolnikov
50740,Nikodim Fomitch
50831,Nastasya
52321,Ilya Petrovitch
52787,Vassilyevsky Ostrov
52813,Razumihin
52891,Razumihin
52932,Razumihin
53010,Raskolnikov
53051,Razumihin
53081,Raskolnikov
53134,Razumihin
53149,Raskolnikov
53163,Razumihin
53233,Razumihin
53503,Jove
53584,Heruvimov
53709,Heruvimov
53712,Rousseau
53915,Raskolnikov
53934,Razumihin
53943,Raskolnikov
53958,Razumihin
53993,Razumihin
54038,Raskolnikov
54058,Raskolnikov
54089,Raskolnikov
54324,Christ
54485,Raskolnikov
55073,Raskolnikov
55086,Ilya Petrovitch
55089,Ilya Petrovitch
55290,Ilya Petrovitch
55424,Raskolnikov
55472,Nastasya
55584,Ilya Petrovitch
55614,Nastasya
55698,Nastasya
55831,Nastasya
56004,Nastasya
56193,Nastasya
56250,Raskolnikov
56259,Nastasya
56394,Razumihin
56449,Nastasya
56473,Razumihin
56484,Vrazumihin
56491,Razumihin
56500,Vrazumihin
56547,Razumihin
56576,Raskolnikov
56603,Zossimov
56611,Zossimov
56672,Zossimov
56772,Alexey Semyonovitch
56832,Afanasy Ivanovitch Vahrushin
56863,Raskolnikov
56886,Semyon Semyonovitch
56891,Afanasy Ivanovitch
56925,Raskolnikov
56939,Razumihin
56982,Afanasy Ivanovitch
57020,Semyon Semyonovitch
57131,Rodya
57147,Raskolnikov
57176,Raskolnikov
57330,Rodya
57351,Raskolnikov
57407,Raskolnikov
57424,Nastasya
57466,Raskolnikov
57518,Nastasya
57584,Nastasya
57587,Praskovya Pavlovna
57618,Nastasya
57629,Raskolnikov
57638,Razumihin
57657,Raskolnikov
57699,Raskolnikov
57724,Razumihin
57734,Zossimov
57742,Nastasya
57828,Rodya
57905,Nastasya
58029,Raskolnikov
58205,Razumihin
58233,Nastasya
58267,Rodya
58368,Harlamov
58378,Harlamov
58391,Harlamov
58395,Buch
58458,Kobelev
58506,Nastasya
58517,Nikodim Fomitch
58520,Ilya Petrovitch
58530,Zametov
58532,Alexandr Grigorievitch
58554,Nastasya
58585,Nastasya Nikiforovna
58596,Nastasya
58610,Nikiforovna
58613,Petrovna
58664,Pashenka
58691,Raskolnikov
58745,Nastasya
58853,Natalya Yegorovna
58892,Praskovya Pavlovna
58913,Raskolnikov
58940,Razumihin
59190,Raskolnikov
59215,Tchebarov
59223,Pashenka
59286,Rodya
59360,Pashenka
59427,Tchebarov
59500,Tchebarov
59547,Razumihin
59555,Raskolnikov
59570,Razumihin
59633,Raskolnikov
59662,Zametov
59678,Raskolnikov
59787,Luise Ivanovna
59797,Luise
59799,Luise Ivanovna
59938,Nikodim Fomitch
59941,Ilya Petrovitch
59973,Zametov
60107,Zossimov
60159,Pashenka
60186,Nastasya
60230,Razumihin
60512,Razumihin
60541,Zametov
60553,Zametov
60608,Zametov
60614,Razumihin
60769,Razumihin
61032,Razumihin
61046,Raskolnikov
61077,Nastasya
61085,Razumihin
61108,Raskolnikov
61278,Nastasya
61307,Razumihin
61371,Raskolnikov
61530,Raskolnikov
61540,Rodya
61610,Tolstyakov
61692,Raskolnikov
61719,Rodya
61730,Nastasya
61742,Raskolnikov
61760,Nastasya
61860,Raskolnikov
61919,Rodya
62186,Nastasya
62203,Raskolnikov
62485,Raskolnikov
62496,Razumihin
62548,Raskolnikov
62643,Raskolnikov
62651,Razumihin
62674,Raskolnikov
62678,Zossimov
62839,Razumihin
62859,Zossimov
62861,Raskolnikov
62957,Raskolnikov
62992,Zossimov
63072,Razumihin
63124,Razumihin
63132,Yusupov
63216,Razumihin
63219,Zossimov
63359,Porfiry Petrovitch
63449,Zametov
63468,Raskolnikov
63477,Zametov
63530,Zametov
63567,Razumihin
63667,Zametov
63883,Lizaveta
63890,Nastasya
63896,Raskolnikov
63918,Raskolnikov
63952,Raskolnikov
64039,Zossimov
64041,Nastasya
64109,Koch
64111,Pestryakov
64138,Pestryakov
64151,Rodya
64185,Zossimov
64189,Raskolnikov
64201,Razumihin
64215,Zossimov
64233,Razumihin
64288,Porfiry
64320,Koch
64322,Pestryakov
64363,Koch
64573,Koch
64603,Dushkin
64664,Nikolay
64733,Dushkin
64843,Dushkin
64861,Nikolay
64890,Dushkin
64901,Nikolay Dementyev
64927,Nikolay
64950,Dmitri
64990,Dmitri
65005,Alyona Ivanovna
65011,Lizaveta Ivanovna
65072,Nikolay
65076,Dmitri
65080,Nikolay
65109,Dmitri
65156,Dushkin
65201,Nikolay
65261,Dmitri
65449,Nikolay
65534,Zossimov
65551,Nikolay
65555,Dushkin
65561,Dmitri
65584,Nikolay
65773,Dmitri
65845,Nikolay
65884,Afanasy Pavlovitch
65922,Dmitri
65963,Dushkin
66008,Zossimov
66113,Dmitri
66126,Dmitri
66145,Dmitri
66250,Dmitri
66263,Dmitri
66276,Dmitri
66309,Dmitri
66353,Dmitri
66426,Raskolnikov
66469,Razumihin
66483,Raskolnikov
66509,Razumihin
66534,Zossimov
66556,Dmitri
66568,Dushkin
66790,Nikolay
66827,Razumihin
66947,Koch
66949,Pestryakov
66975,Kryukov
67010,Nikolay
67012,Dmitri
67025,Dmitri
67123,Nikolay
67279,Nikolay
67495,Razumihin
67503,Koch
67538,Nikolay
67543,Koch
67545,Pestryakov
67568,Razumihin
67582,Koch
67584,Pestryakov
67746,Koch
67748,Pestryakov
67754,Koch
67790,Koch
67792,Pestryakov
67800,Nikolay
67802,Dmitri
67840,Dmitri
67842,Nikolay
67981,Razumihin
68072,Raskolnikov
68088,Raskolnikov
68125,Razumihin
68213,Zossimov
68216,Rodion Romanovitch Raskolnikov
68229,Zossimov
68242,Razumihin
68286,Razumihin
68296,Zossimov
68302,Raskolnikov
68306,Zossimov
68369,Raskolnikov
68456,Zossimov
68461,Raskolnikov
68491,Raskolnikov
68508,Pyotr Petrovitch Luzhin
68531,Raskolnikov
68558,Pyotr Petrovitch
68583,Pyotr Petrovitch
68591,Raskolnikov
68617,Luzhin
68621,Zossimov
68623,Razumihin
68683,Razumihin
68698,Nastasya
68705,Nastasya
68810,Rodya
68854,Rodya
68907,Pyotr Petrovitch
68911,Zossimov
68949,Razumihin
68962,Pyotr Petrovitch
68999,Razumihin
69021,Luzhin
69095,Raskolnikov
69123,Pyotr Petrovitch
69156,Raskolnikov
69219,Pyotr Petrovitch
69258,Pyotr Petrovitch
69320,Pyotr Petrovitch
69365,Pyotr Petrovitch
69421,Pyotr Petrovitch
69474,Pyotr Petrovitch
69599,Luzhin
69602,Raskolnikov
69621,Luzhin
69720,Raskolnikov
69736,Pyotr Petrovitch
69773,Raskolnikov
69791,Voskresensky
69811,Yushin
69900,Pyotr Petrovitch
69944,Raskolnikov
69969,Andrey Semyonovitch Lebeziatnikov
69987,Bakaleyev
69999,Raskolnikov
70010,Andrey Semyonovitch Lebeziatnikov
70032,Raskolnikov
70092,Razumihin
70104,Pyotr Petrovitch
70237,Razumihin
70288,Pyotr Petrovitch
70341,Pyotr Petrovitch
70502,Raskolnikov
70511,Pyotr Petrovitch
70544,Pyotr Petrovitch
70565,Razumihin
70641,Pyotr Petrovitch
70928,Jove
71079,Zossimov
71086,Pyotr Petrovitch
71122,Raskolnikov
71157,Raskolnikov
71165,Pyotr Petrovitch
71198,Razumihin
71201,Porfiry
71226,Raskolnikov
71252,Zossimov
71255,Koch
71514,Pyotr Petrovitch
71520,Zossimov
71811,Razumihin
71983,Raskolnikov
72051,Raskolnikov
72105,Raskolnikov
72329,Raskolnikov
72357,Luzhin
72412,Razumihin
72423,Luzhin
72511,Raskolnikov
72527,Luzhin
72544,Razumihin
72564,Zossimov
72637,Razumihin
72659,Raskolnikov
72713,Zossimov
72744,Razumihin
72766,Zossimov
72849,Pyotr Petrovitch
73033,Raskolnikov
73082,Nastasya
73106,Razumihin
73281,Razumihin
73307,Nastasya
73648,Raskolnikov
73709,Raskolnikov
73745,Raskolnikov
73843,Raskolnikov
73860,Raskolnikov
73884,Lizaveta
73957,Raskolnikov
73992,Raskolnikov
74058,Raskolnikov
74366,Raskolnikov
74503,Raskolnikov
74723,Raskolnikov
74787,Raskolnikov
74863,Raskolnikov
74905,Raskolnikov
75069,Razumihin
75094,Zossimov
75157,Raskolnikov
75160,Zametov
75250,Raskolnikov
75389,Zametov
75489,Razumihin
75513,Raskolnikov
75530,Zametov
75579,Razumihin
75595,Luise Ivanovna
75664,Razumihin
75676,Zametov
75731,Raskolnikov
75749,Zametov
75782,Dmitri
75997,Zametov
76036,Raskolnikov
76044,Zametov
76296,Zametov
76298,Zametov
76314,Zametov
76383,Raskolnikov
76393,Zametov
76435,Zametov
76442,Raskolnikov
76563,Zametov
76603,Zametov
76625,Raskolnikov
76653,Zametov
76678,Zametov
76690,Raskolnikov
76751,Zametov
76810,Raskolnikov
77053,Zametov
77153,Raskolnikov
77183,Raskolnikov
77472,Zametov
77586,Raskolnikov
77691,Zametov
77746,Raskolnikov
77831,Raskolnikov
77840,Zametov
78034,Zametov
78051,Raskolnikov
78080,Zametov
78163,Lizaveta
78177,Zametov
78208,Raskolnikov
78244,Zametov
78280,Zametov
78397,Zametov
78537,Zametov
78556,Raskolnikov
78580,Ilya Petrovitch
78590,Raskolnikov
78603,Razumihin
78634,Razumihin
78696,Nastasya
78750,Raskolnikov
78808,Raskolnikov
78820,Razumihin
78883,Razumihin
78886,Raskolnikov
79004,Zossimov
79133,Luzhin
79135,Razumihin
79170,Raskolnikov
79289,Raskolnikov
79368,Rodya
79462,Zossimov
79483,Razumihin
79544,Potchinkov
79557,Razumihin
79591,Potchinkov
79597,Babushkin
79608,Razumihin
79611,Raskolnikov
79624,Razumihin
79645,Zametov
79688,Potchinkov
79694,Babushkin
79701,Raskolnikov
79712,Razumihin
79773,Zossimov
79823,Raskolnikov
79848,Zametov
79850,Raskolnikov
79879,Razumihin
80190,Raskolnikov
80479,Raskolnikov
80998,Nikolay
81000,Dmitri
81193,Raskolnikov
81253,Raskolnikov
81262,Raskolnikov
81480,Raskolnikov
81569,Raskolnikov
81658,Raskolnikov
81719,Raskolnikov
81843,Raskolnikov
81902,Raskolnikov
81977,Raskolnikov
82100,Raskolnikov
82123,Rodion Romanovitch Raskolnikov
82134,Shil
82156,Raskolnikov
82225,Raskolnikov
82338,Raskolnikov
82412,Raskolnikov
82548,Raskolnikov
82659,Raskolnikov
82820,Raskolnikov
83167,Raskolnikov
83221,Marmeladov
83228,Kozel
83280,Raskolnikov
83308,Marmeladov
83333,Kozel
83475,Kozel
83483,Raskolnikov
83489,Marmeladov
83531,Katerina Ivanovna
83639,Polenka
83817,Katerina Ivanovna
83892,Papa
83922,Ivan Mihailovitch
83979,Bezzemelny
83996,Polenka
84068,Schegolskoy
84305,Marmeladov
84337,Raskolnikov
84357,Katerina Ivanovna
84391,Marmeladov
84394,Raskolnikov
84397,Katerina Ivanovna
84479,Katerina Ivanovna
84490,Raskolnikov
84555,Raskolnikov
84590,Katerina Ivanovna
84648,Katerina Ivanovna
84695,Katerina Ivanovna
84728,Katerina Ivanovna
84788,Raskolnikov
84819,Marmeladov
84823,Katerina Ivanovna
84846,Raskolnikov
84879,Katerina Ivanovna
84885,Sonia
85021,Madame Lippevechsel
85054,Katerina Ivanovna
85154,Katerina Ivanovna
85248,Katerina Ivanovna
85274,Madame Lippevechsel
85335,Amalia Ludwigovna
85349,Katerina Ivanovna
85383,Amalia Ludwigovna
85399,Amalia Ludwigovna
85407,Amalia Ivanovna
85415,Amalia Ivanovna
85419,Amalia Ludwigovna
85434,Lebeziatnikov
85473,Amalia Ludwigovna
85496,Semyon Zaharovitch
85557,Semyon Zaharovitch
85572,Semyon Zaharovitch
85600,Raskolnikov
85619,Semyon Zaharovitch
85632,Amalia Ludwigovna
85655,Katerina Ivanovna
85691,Raskolnikov
85727,Raskolnikov
85735,Katerina Ivanovna
85787,Semyon Zaharovitch
85800,Marmeladov
85813,Katerina Ivanovna
85863,Katerina Ivanovna
85963,Katerina Ivanovna
85990,Katerina Ivanovna
86013,Raskolnikov
86057,Katerina Ivanovna
86166,Raskolnikov
86330,Raskolnikov
86372,Katerina Ivanovna
86449,Katerina Ivanovna
86557,Polenka
86682,Sonia
86788,Sonia
86865,Katerina Ivanovna
86890,Katerina Ivanovna
86978,Katerina Ivanovna
87020,Katerina Ivanovna
87120,Katerina Ivanovna
87335,Marmeladov
87352,Katerina Ivanovna
87383,Katerina Ivanovna
87438,Sonia
87511,Katerina Ivanovna
87648,Sonia
87679,Katerina Ivanovna
87719,Raskolnikov
87723,Katerina Ivanovna
87727,Katerina Ivanovna
87782,Katerina Ivanovna
87901,Nikodim Fomitch
87932,Nikodim Fomitch
87957,Raskolnikov
88035,Nikodim Fomitch
88046,Raskolnikov
88060,Raskolnikov
88142,Raskolnikov
88219,Raskolnikov
88325,Sonia
88345,Sonia
88359,Sonia
88384,Sonia
88687,Kolya
88702,Maria
88716,Sonia
88763,Rodion
88776,Rodion
88818,Raskolnikov
89028,Potchinkov
89228,Rodion
89273,Razumihin
89329,Razumihin
89343,Raskolnikov
89383,Raskolnikov
89387,Razumihin
89418,Razumihin
89435,Raskolnikov
89690,Zossimov
89696,Raskolnikov
89769,Raskolnikov
89792,Zossimov
89834,Zossimov
89845,Razumihin
89874,Zossimov
90000,Zametov
90004,Zametov
90030,Zametov
90125,Zametov
90167,Luise Ivanovna
90186,Ilya Petrovitch
90220,Raskolnikov
90224,Razumihin
90250,Raskolnikov
90277,Zossimov
90416,Jove
90440,Porfiry
90580,Razumihin
90584,Raskolnikov
90690,Razumihin
90796,Raskolnikov
90803,Nastasya
90809,Razumihin
90905,Rodya
90930,Razumihin
90933,Zossimov
90976,Razumihin
90978,Raskolnikov
91067,Nastasya
91152,Raskolnikov
91324,Dounia
91395,Pulcheria Alexandrovna Raskolnikov
91405,Dounia
91407,Raskolnikov
91491,Pulcheria Alexandrovna
91497,Avdotya Romanovna
91527,Razumihin
91559,Pulcheria Alexandrovna
91617,Razumihin
91660,Pulcheria Alexandrovna
91668,Razumihin
91673,Raskolnikov
91731,Dounia
91760,Pulcheria Alexandrovna
91788,Luzhin
91794,Rodya
91808,Rodya
91811,Pyotr Petrovitch
91823,Pulcheria Alexandrovna
91837,Dounia
91875,Pulcheria Alexandrovna
91889,Avdotya Romanovna
91937,Dounia
91940,Raskolnikov
91984,Pulcheria Alexandrovna
91997,Avdotya Romanovna
92039,Luzhin
92105,Dounia
92180,Luzhin
92215,Pulcheria Alexandrovna
92231,Dounia
92245,Rodya
92333,Razumihin
92336,Raskolnikov
92361,Avdotya Romanovna
92374,Razumihin
92381,Pulcheria Alexandrovna
92410,Dounia
92441,Nastasya
92548,Avdotya Romanovna
92570,Pyotr Petrovitch
92616,Pulcheria Alexandrovna
92630,Dounia
92664,Nastasya
92672,Razumihin
92687,Raskolnikov
92866,Pulcheria Alexandrovna
92909,Avdotya Romanovna
92946,Nastasya
93006,Razumihin
93094,Nastasya
93198,Zossimov
93329,Zossimov
93408,Avdotya Romanovna
93475,Avdotya Romanovna
93491,Rodya
93531,Razumihin
93565,Pulcheria Alexandrovna
93578,Razumihin
93638,Razumihin
93870,Zossimov
93914,Avdotya Romanovna
93982,Zossimov
94112,Pulcheria Alexandrovna
94134,Razumihin
94371,Razumihin
94395,Pulcheria Alexandrovna
94415,Avdotya Romanovna
94526,Pulcheria Alexandrovna
94542,Dounia
94643,Rodya
94649,Pyotr Petrovitch
94717,Razumihin
94724,Pulcheria Alexandrovna
94750,Razumihin
94980,Pyotr Petrovitch
95014,Zametov
95028,bullock Zossimov
95133,Zossimov
95152,Dounia
95162,Pulcheria Alexandrovna
95183,Dounia
95234,Dounia
95250,Rodya
95342,Dounia
95366,Dounia
95424,Avdotya Romanovna
95447,Pulcheria Alexandrovna
95454,Dounia
95478,Razumihin
95515,Avdotya Romanovna
95536,Razumihin
95549,Avdotya Romanovna
95570,Avdotya Romanovna
95592,Avdotya Romanovna
95798,Razumihin
95832,Dounia
95897,Praskovya Pavlovna
95900,Raskolnikov
95909,Pulcheria Alexandrovna
95915,Avdotya Romanovna
95922,Pulcheria Alexandrovna
96039,Dounia
96053,Pulcheria Alexandrovna
96118,Razumihin
96181,Nastasya
96200,Zossimov
96248,Pulcheria Alexandrovna
96261,Avdotya Romanovna
96305,Razumihin
96315,Zossimov
96317,Zossimov
96330,Raskolnikov
96348,Razumihin
96388,Pulcheria Alexandrovna
96450,Avdotya Romanovna
96469,Pulcheria Alexandrovna
96559,Avdotya Romanovna
96569,Zossimov
96579,Pulcheria Alexandrovna
96626,Zossimov
96722,Avdotya Romanovna
96761,Razumihin
96797,Avdotya Romanovna
96802,Zossimov
96826,Razumihin
96887,Zossimov
96910,Razumihin
96980,Raskolnikov
96984,Razumihin
97279,Zossimov
97413,Rubinstein
97468,Tchebarov
98216,Avdotya Romanovna
98323,Razumihin
98355,Razumihin
98388,Avdotya Romanovna
98649,Praskovya Pavlovna
98808,Avdotya Romanovna
98855,Zossimov
98887,Razumihin
98891,Raskolnikov
98898,Zossimov
98977,Razumihin
99261,Zametov
99377,Zametov
99420,Porfiry
99471,Razumihin
99483,Luzhin
99521,Razumihin
99630,Razumihin
99685,Pulcheria Alexandrovna
99791,Rodya
99797,Pulcheria Alexandrovna
99850,Avdotya Romanovna
99892,Razumihin
99911,Pulcheria Alexandrovna
99959,Raskolnikov
100052,Pulcheria Alexandrovna
100059,Dmitri Prokofitch
100074,Dmitri Prokofitch
100160,Dounia
100179,Dmitri Prokofitch
100188,Razumihin
100244,Rodion
100458,Pulcheria Alexandrovna
100463,Razumihin
100471,Razumihin
100478,Avdotya Romanovna
100505,Avdotya Romanovna
100578,Razumihin
100703,Avdotya Romanovna
100781,Avdotya Romanovna
100833,Avdotya Romanovna
100852,Rodya
100855,Pulcheria Alexandrovna
100872,Dounia
100875,Pyotr Petrovitch
100898,Dmitri Prokofitch
101005,Avdotya Romanovna
101015,Pulcheria Alexandrovna
101085,Razumihin
101096,Praskovya Pavlovna
101165,Praskovya Pavlovna
101261,Avdotya Romanovna
101304,Pulcheria Alexandrovna
101353,Razumihin
101372,Raskolnikov
101376,Pyotr Petrovitch
101428,Razumihin
101440,Pyotr Petrovitch
101443,Avdotya Romanovna
101460,Pyotr Petrovitch
101464,Pulcheria Alexandrovna
101510,Avdotya Romanovna
101574,Avdotya Romanovna
101604,Pulcheria Alexandrovna
101640,Dmitri Prokofitch
101654,Dmitri Prokofitch
101657,Dounia
101668,Avdotya Romanovna
101711,Pyotr Petrovitch
101814,Dmitri Prokofitch
101819,Rodya
101836,Dounia
101872,Razumihin
101891,Pulcheria Alexandrovna
101979,Avdotya Romanovna
102029,Rodion Romanovitch
102115,Rodion Romanovitch
102140,Rodion Romanovitch
102248,Avdotya Romanovna
102278,Dmitri Prokofitch
102283,Pulcheria Alexandrovna
102294,Rodya
102307,Pyotr Petrovitch
102339,Avdotya Romanovna
102345,Razumihin
102398,Rodya
102499,Razumihin
102714,Dounia
102727,Razumihin
102769,Razumihin
102823,Pulcheria Alexandrovna
102850,Dmitri Prokofitch
102872,Dounia
102922,Dounia
102987,Dmitri Prokofitch
102991,Marfa Petrovna
103007,Marfa Petrovna
103064,Dmitri Prokofitch
103152,Razumihin
103167,Dounia
103233,Dmitri Prokofitch
103287,Dmitri Prokofitch
103329,Dounia
103378,Razumihin
103437,Pulcheria Alexandrovna
103452,Zossimov
103480,Raskolnikov
103513,Nastasya
103525,Raskolnikov
103681,Zossimov
103808,Raskolnikov
103844,Razumihin
103871,Zossimov
103989,Raskolnikov
104001,Zossimov
104175,Zossimov
104219,Pulcheria Alexandrovna
104225,Zossimov
104248,Raskolnikov
104270,Rodya
104279,Dounia
104304,Raskolnikov
104332,Zossimov
104391,Zossimov
104456,Raskolnikov
104460,Razumihin
104501,Razumihin
104531,Avdotya Romanovna
104640,Dounia
104809,Dounia
104828,Vasya
104834,Afanasy Ivanitch
104918,Dounia
104971,Nastasya
105027,Potanchikov
105042,Rodya
105092,Pyotr Petrovitch
105128,Pyotr Petrovitch
105154,Raskolnikov
105168,Dounia
105204,Dounia
105239,Rodya
105243,Pulcheria Alexandrovna
105263,Dounia
105339,Pulcheria Alexandrovna
105391,Razumihin
105400,Raskolnikov
105501,Raskolnikov
105519,Dounia
105610,Zossimov
105622,Raskolnikov
105666,Razumihin
105674,Raskolnikov
105814,Crevez
105837,Dounia
105849,Dounia
105973,Rodya
106058,Raskolnikov
106072,Pulcheria Alexandrovna
106117,Pulcheria Alexandrovna
106125,Marfa Petrovna
106194,Pulcheria Alexandrovna
106344,Dounia
106366,Dounia
106533,Zossimov
106577,Raskolnikov
106636,Dounia
106678,Dounia
106687,Rodya
106696,Dounia
106699,Pulcheria Alexandrovna
106766,Dounia
106933,Razumihin
107039,Pulcheria Alexandrovna
107051,Rodya
107055,Avdotya Romanovna
107099,Zossimov
107146,Pulcheria Alexandrovna
107163,Raskolnikov
107227,Dounia
107250,Dounia
107263,Razumihin
107279,Pulcheria Alexandrovna
107285,Raskolnikov
107312,Zossimov
107342,Dounia
107370,Dounia
107381,Pulcheria Alexandrovna
107407,Dounia
107422,Razumihin
107434,Luzhin
107440,Raskolnikov
107449,Dounia
107511,Pulcheria Alexandrovna
107516,Dounia
107518,Razumihin
107684,Dounia
107749,Pulcheria Alexandrovna
107870,Rodya
107880,Pulcheria Alexandrovna
108056,Dounia
108120,Luzhin
108138,Rodya
108149,Pulcheria Alexandrovna
108182,Dounia
108356,Dounia
108362,Pyotr Petrovitch
108440,Pyotr Petrovitch
108574,Dounia
108731,Rodya
108753,Pulcheria Alexandrovna
108836,Rodya Pyotr Petrovitch
108844,Dounia
108850,Pulcheria Alexandrovna
108983,Pulcheria Alexandrovna
109076,Razumihin
109097,Rodya
109107,Pulcheria Alexandrovna
109168,Pyotr Petrovitch
109195,Avdotya Romanovna
109399,Dounia
109663,Dounia
109688,Rodya
109692,Pulcheria Alexandrovna
109720,Pyotr Petrovitch
109783,Dounia
109809,Dounia
109822,Pulcheria Alexandrovna
109835,Rodya
109853,Dounia
109886,Razumihin
109903,Dounia
109914,Pulcheria Alexandrovna
109945,Pyotr Petrovitch
109992,Raskolnikov
110000,Sofya Semyonovna Marmeladov
110146,Raskolnikov
110170,Luzhin
110190,Luzhin
110319,Katerina Ivanovna
110333,Sonia
110337,Razumihin
110346,Raskolnikov
110364,Raskolnikov
110376,Zossimov
110404,Razumihin
110425,Sonia
110479,Raskolnikov
110509,Katerina Ivanovna
110520,Katerina Ivanovna
110564,Sonia
110582,Raskolnikov
110652,Sonia
110677,Raskolnikov
110707,Sofya Semyonovna Marmeladov
110717,Marmeladov
110738,Pulcheria Alexandrovna
110757,Rodya
110772,Dounia
110790,Sonia
110819,Raskolnikov
110919,Katerina Ivanovna
111047,Raskolnikov
111165,Katerina Ivanovna
111187,Raskolnikov
111219,Katerina Ivanovna
111238,Katerina Ivanovna
111310,Sonia
111347,Raskolnikov
111369,Dounia
111375,Pulcheria Alexandrovna
111404,Dounia
111410,Rodya
111481,Razumihin
111487,Raskolnikov
111551,Dmitri Prokofitch
111570,Dounia
111572,Razumihin
111593,Rodya
111614,Nastasya
111627,Pulcheria Alexandrovna
111632,Sonia
111656,Avdotya Romanovna
111671,Sonia
111678,Sonia
111703,Avdotya Romanovna
111717,Dounia
111725,Raskolnikov
111754,Dounia
111781,Dounia
111808,Sonia
111842,Sonia
111881,Dounia
111884,Pulcheria Alexandrovna
111981,Pulcheria Alexandrovna
111996,Dounia
112050,Dounia
112089,Dounia
112102,Pyotr Petrovitch
112110,Pulcheria Alexandrovna
112130,Dounia
112269,Sofya Semyonovna
112289,Dounia
112333,Dounia
112428,Pyotr Petrovitch
112505,Pyotr Petrovitch
112513,Dounia
112519,Pulcheria Alexandrovna
112543,Raskolnikov
112546,Razumihin
112556,Katerina Ivanovna
112564,Sonia
112576,Sofya Semyonovna
112609,Razumihin
112622,Porfiry Petrovitch
112677,Razumihin
112782,Dounia
112842,Porfiry
112881,Porfiry
112990,Sofya Ivanovna
112995,Sofya Semyonovna
113000,Raskolnikov
113003,Sofya Semyonovna
113010,Razumihin
113029,Sonia
113052,Raskolnikov
113064,Sofya Semyonovna
113092,Sonia
113119,Razumihin
113133,Raskolnikov
113166,Sonia
113183,Sofya Semyonovna
113245,Polenka
113329,Raskolnikov
113352,Katerina Ivanovna
113455,Raskolnikov
113554,Razumihin
113556,Raskolnikov
113579,Sonia
113589,Raskolnikov
113606,Raskolnikov
113610,Sonia
113656,Sonia
113667,Sonia
113707,Sonia
113899,Sonia
113932,Sonia
113975,Sonia
114048,Kapernaumov
114084,Sonia
114120,Sonia
114146,Porfiry
114149,Razumihin
114186,Raskolnikov
114244,Raskolnikov
114663,Zametov
114778,Raskolnikov
114834,Razumihin
114840,Raskolnikov
114854,Razumihin
114859,Porfiry
114981,Razumihin
114990,Porfiry
115055,Razumihin
115094,Razumihin
115212,Jove
115290,Razumihin
115391,Raskolnikov
115406,Porfiry Petrovitch
115414,Raskolnikov
115448,Razumihin
115453,Raskolnikov
115458,Raskolnikov
115485,Razumihin
115521,Raskolnikov
115525,Raskolnikov
115535,Porfiry Petrovitch
115631,Razumihin
115651,Razumihin
115716,Porfiry Petrovitch
115721,Raskolnikov
115730,Porfiry Petrovitch
115753,Razumihin
115801,Porfiry Petrovitch
115818,Zametov
115862,Raskolnikov
115868,Zametov
115873,Raskolnikov
115904,Raskolnikov
115939,Porfiry Petrovitch
116039,Razumihin
116052,Porfiry
116083,Rodion Romanovitch Raskolnikov
116118,Zametov
116146,Raskolnikov
116149,Zametov
116199,Porfiry
116216,Porfiry Petrovitch
116365,Porfiry Petrovitch
116452,Raskolnikov
116477,Porfiry
116479,Porfiry Petrovitch
116490,Razumihin
116521,Raskolnikov
116537,Porfiry
116612,Raskolnikov
116671,Porfiry Petrovitch
116730,Raskolnikov
116754,Porfiry Petrovitch
116781,Raskolnikov
116801,Raskolnikov
116896,Zossimov
116898,Porfiry
116908,Razumihin
116920,Raskolnikov
117053,Porfiry
117067,Razumihin
117116,Razumihin
117134,Raskolnikov
117161,Porfiry Petrovitch
117181,Porfiry
117237,Razumihin
117249,Raskolnikov
117253,Porfiry
117268,Razumihin
117291,Razumihin
117293,Porfiry Petrovitch
117298,Raskolnikov
117347,Raskolnikov
117448,Porfiry
117507,Raskolnikov
117561,Razumihin
117582,Porfiry
117640,Porfiry
117667,Raskolnikov
117675,Porfiry Petrovitch
117702,Razumihin
117760,Raskolnikov
117762,Porfiry
117797,Zametov
117806,Zametov
117824,Zametov
117864,Nikodim Fomitch
117876,Porfiry Petrovitch
117907,Razumihin
117987,Zametov
118017,Porfiry Petrovitch
118127,Porfiry Petrovitch
118135,Raskolnikov
118187,Nikodim Fomitch
118248,Porfiry Petrovitch
118365,Zametov
118386,Razumihin
118409,Porfiry
118451,Zametov
118457,Zametov
118460,Zametov
118487,Porfiry
118732,Porfiry Petrovitch
118870,Raskolnikov
118886,Porfiry
118912,Rodion
118995,Porfiry Petrovitch
119450,Porfiry
119461,Raskolnikov
119550,Porfiry
119574,Razumihin
119611,Ivan the Great
119679,Razumihin
119709,Rodion
119858,Raskolnikov
119964,Raskolnikov
120069,Raskolnikov
120126,Rodya
120137,Razumihin
120364,Raskolnikov
120399,Razumihin
120417,Porfiry
120513,Razumihin
120518,Raskolnikov
120740,Kepler
120742,Newton
120767,Newton
120813,Newton
120859,Mahomet
120861,Napoleon
121536,Raskolnikov
121583,Raskolnikov
121589,Porfiry
121598,Lazarus
122178,Raskolnikov
122424,Razumihin
122444,Rodya
122447,Raskolnikov
122472,Porfiry
122668,Raskolnikov
122676,Porfiry
122797,Zametov
122806,Raskolnikov
122868,Raskolnikov
123019,Razumihin
123174,Porfiry Petrovitch
123231,Raskolnikov
123322,Raskolnikov
123326,Razumihin
123397,Raskolnikov
123437,Raskolnikov
123464,Napoleon
123507,Porfiry Petrovitch
123538,Alyona Ivanovna
123544,Zametov
123551,Raskolnikov
123564,Razumihin
123591,Raskolnikov
123603,Porfiry
123726,Raskolnikov
123811,Razumihin
123822,Nikolay
123839,Raskolnikov
123859,Dmitri
123893,Raskolnikov
123985,Raskolnikov
124079,Alyona Ivanovna
124149,Razumihin
124201,Porfiry
124223,Raskolnikov
124280,Razumihin
124293,Porfiry Petrovitch
124325,Raskolnikov
124346,Razumihin
124353,Raskolnikov
124362,Bakaleyev
124367,Pulcheria Alexandrovna
124370,Dounia
124379,Razumihin
124420,Raskolnikov
124466,Porfiry
124478,Zametov
124866,Tchebarov
125016,Raskolnikov
125061,Zametov
125077,Porfiry
125122,Raskolnikov
125129,Razumihin
125245,Raskolnikov
125334,Porfiry
125533,Porfiry
125557,Raskolnikov
125664,Bakaleyev
125674,Raskolnikov
125757,Razumihin
125774,Raskolnikov
125816,Pulcheria Alexandrovna
125830,Raskolnikov
125931,Bakaleyev
126148,Raskolnikov
126202,Raskolnikov
126271,Raskolnikov
126387,Raskolnikov
126443,Raskolnikov
126471,Raskolnikov
126489,Raskolnikov
126572,Raskolnikov
126605,Raskolnikov
126631,Raskolnikov
126656,Raskolnikov
126688,Raskolnikov
126940,Razumihin
126970,Raskolnikov
126972,Nastasya
127000,Razumihin
127016,Raskolnikov
127106,Raskolnikov
127118,Nikolay
127340,Napoleon
127370,Porfiry Petrovitch
127388,Napoleon
128180,Sonia
128219,Sonia
128221,Sonia
128318,Raskolnikov
128415,Raskolnikov
128451,Raskolnikov
128488,Raskolnikov
128501,Raskolnikov
128538,Raskolnikov
128562,Raskolnikov
128809,Raskolnikov
129276,Raskolnikov
129357,Raskolnikov
129407,Raskolnikov
129485,Raskolnikov
129527,Arkady Ivanovitch Svidrigaïlov
129547,Raskolnikov
129658,Avdotya Romanovna
129698,Raskolnikov
129712,Raskolnikov
129741,Rodion Romanovitch
129780,Raskolnikov
129971,Raskolnikov
130014,Svidrigaïlov
130086,Svidrigaïlov
130142,Marfa Petrovna
130152,Marfa Petrovna
130162,Raskolnikov
130329,Raskolnikov
130401,Marfa Petrovna
130435,Marfa Petrovna
130579,Raskolnikov
130635,Marfa Petrovna
130740,Rodion Romanovitch
130940,Svidrigaïlov
130948,Raskolnikov
131162,Rodion Romanovitch
131237,Raskolnikov
131400,Svidrigaïlov
131580,Jove
131753,Marfa Petrovna
131922,Marfa Petrovna
132051,Berg
132121,Raskolnikov
132158,Marfa Petrovna
132200,Arkady Ivanovitch
132242,Marfa Petrovna
132264,Marfa Petrovna
132341,Svidrigaïlov
132349,Marfa Petrovna
132526,Raskolnikov
132556,Svidrigaïlov
132589,Raskolnikov
132660,Raskolnikov
132710,Raskolnikov
132816,Arkady Ivanovitch
132904,Marfa Petrovna
132928,Arkady Ivanovitch
132994,Marfa Petrovna
133018,Arkady Ivanovitch
133028,Aniska
133037,Aniska
133102,Marfa Petrovna
133134,Marfa Petrovna
133145,Arkady Ivanovitch
133235,Raskolnikov
133246,Svidrigaïlov
133394,Marfa Petrovna
133491,Raskolnikov
133507,Svidrigaïlov
133589,Raskolnikov
133603,Svidrigaïlov
133790,Raskolnikov
133792,Svidrigaïlov
133827,Raskolnikov
133913,Raskolnikov
133923,Juster
133952,Svidrigaïlov
133967,Raskolnikov
133969,Svidrigaïlov
134054,Raskolnikov
134109,Avdotya Romanovna
134119,Luzhin
134121,Pyotr Petrovitch
134159,Svidrigaïlov
134209,Luzhin
134249,Avdotya Romanovna
134332,Raskolnikov
134352,Rodion Romanovitch
134396,Avdotya Romanovna
134448,Raskolnikov
134545,Avdotya Romanovna
134554,Luzhin
134656,Marfa Petrovna
134694,Luzhin
134716,Marfa Petrovna
134734,Avdotya Romanovna
134766,Luzhin
134794,Luzhin
134826,Raskolnikov
134881,Avdotya Romanovna
135076,Avdotya Romanovna
135089,Luzhin
135109,Rodion Romanovitch
135120,Svidrigaïlov
135144,Raskolnikov
135273,Avdotya Romanovna
135290,Rodion Romanovitch
135393,Svidrigaïlov
135447,Raskolnikov
135498,Prince Svirbey
135517,Raphael
135519,Madonna
135521,Madam Prilukov
135530,Marfa Petrovna
135546,Viazemsky
135567,Berg
135705,Avdotya Romanovna
135736,Rodion Romanovitch
135740,Marfa Petrovna
135759,Marfa Petrovna
135777,Avdotya Romanovna
135825,Svidrigaïlov
135829,Razumihin
135846,Bakaleyev
135863,Razumihin
135877,Svidrigaïlov
135910,Marfa Petrovna
135914,Marfa Petrovna
135917,Dounia
135978,Dounia
136006,Avdotya Romanovna
136012,Rodya
136070,Raskolnikov
136101,Raskolnikov
136145,Raskolnikov
136188,Raskolnikov
136261,Rodya
136283,Raskolnikov
136288,Razumihin
136325,Porfiry
136328,Zametov
136374,Porfiry
136444,Zametov
136565,Raskolnikov
136599,Razumihin
136611,Raskolnikov
136616,Razumihin
136623,Porfiry
136685,Pyotr Petrovitch
136704,Pulcheria Alexandrovna
136717,Dounia
136723,Pyotr Petrovitch
136761,Pulcheria Alexandrovna
136788,Dounia
136802,Razumihin
136804,Raskolnikov
136807,Pulcheria Alexandrovna
136810,Razumihin
136816,Raskolnikov
136828,Pyotr Petrovitch
136994,Pyotr Petrovitch
137007,Avdotya Romanovna
137039,Dounia
137102,Pyotr Petrovitch
137112,Pulcheria Alexandrovna
137124,Dmitri Prokofitch
137151,Dmitri Prokofitch Razumihin
137174,Pyotr Petrovitch
137191,Pyotr Petrovitch
137250,Raskolnikov
137255,Avdotya Romanovna
137266,Razumihin
137273,Pulcheria Alexandrovna
137280,Marfa Petrovna
137327,Arkady Ivanovitch Svidrigaïlov
137335,Petersburg
137356,Petersburg
137361,Dounia
137408,Dounia
137416,Pulcheria Alexandrovna
137426,Avdotya Romanovna
137472,Pyotr Petrovitch
137488,Pulcheria Alexandrovna
137518,Marfa Petrovna
137601,Marfa Petrovna
137665,Marfa Petrovna
137754,Pulcheria Alexandrovna
137757,Raskolnikov
137779,Dounia
137796,Marfa Petrovna
137853,Svidrigaïlov
137893,Resslich
137955,Svidrigaïlov
137996,Marfa Petrovna
138026,Avdotya Romanovna
138039,Philip
138068,Philip
138098,Svidrigaïlov
138110,Dounia
138122,Philip
138158,Svidrigaïlov
138194,Philip
138203,Avdotya Romanovna
138252,Marfa Petrovna
138318,Marfa Petrovna
138376,Pyotr Petrovitch
138385,Dounia
138393,Svidrigaïlov
138412,Raskolnikov
138436,Pyotr Petrovitch
138465,Raskolnikov
138495,Dounia
138539,Marfa Petrovna
138569,Pulcheria Alexandrovna
138581,Dounia
138603,Dounia
138605,Raskolnikov
138668,Dounia
138672,Pulcheria Alexandrovna
138703,Raskolnikov
138714,Pyotr Petrovitch
138761,Pyotr Petrovitch
138766,Dounia
138796,Avdotya Romanovna
138800,Pyotr Petrovitch
138850,Svidrigaïlov
138899,Luzhin
138927,Dounia
138959,Rodya
138973,Pyotr Petrovitch
138985,Avdotya Romanovna
139033,Pyotr Petrovitch
139037,Dounia
139141,Luzhin
139213,Pyotr Petrovitch
139217,Dounia
139559,Dounia
139605,Raskolnikov
139609,Razumihin
139613,Pyotr Petrovitch
139734,Pulcheria Alexandrovna
139744,Razsudkin
139873,Pulcheria Alexandrovna
139912,Rodion Romanovitch
139924,Pulcheria Alexandrovna
139967,Pyotr Petrovitch
139971,Pulcheria Alexandrovna
139981,Dounia
140010,Dounia
140023,Luzhin
140030,Pyotr Petrovitch
140036,Rodion
140051,Pulcheria Alexandrovna
140073,Raskolnikov
140330,Dounia
140338,Pulcheria Alexandrovna
140341,Dounia
140344,Razumihin
140349,Luzhin
140362,Avdotya Romanovna
140463,Pulcheria Alexandrovna
140486,Pulcheria Alexandrovna
140505,Pyotr Petrovitch
140508,Dounia
140607,Pulcheria Alexandrovna
140667,Dounia
140698,Arkady Ivanovitch Svidrigaïlov
140734,Pulcheria Alexandrovna
140737,Razumihin
140757,Raskolnikov
140768,Dounia
140771,Pyotr Petrovitch
140787,Pyotr Petrovitch
140836,Avdotya Romanovna
140888,Dounia
140956,Avdotya Romanovna
140978,Pulcheria Alexandrovna
141040,Pulcheria Alexandrovna
141083,Pyotr Petrovitch
141087,Raskolnikov
141108,Pulcheria Alexandrovna
141151,Pyotr Petrovitch
141183,Pyotr Petrovitch
141324,Razumihin
141340,Dounia
141353,Raskolnikov
141356,Razumihin
141388,Pyotr Petrovitch
141429,Raskolnikov
141543,Pyotr Petrovitch
141630,Dounia
141644,Pyotr Petrovitch
141672,Dounia
141695,Marfa Petrovna
141741,Dounia
141757,Dounia
141789,Raskolnikov
141829,Dounia
141984,Avdotya Romanovna
142257,Dounia
142324,Razumihin
142391,Dounia
142459,Pulcheria Alexandrovna
142494,Dounia
142505,Pulcheria Alexandrovna
142532,Razumihin
142607,Raskolnikov
142644,Dounia
142658,Pulcheria Alexandrovna
142667,Svidrigaïlov
142674,Dounia
142686,Pulcheria Alexandrovna
142689,Raskolnikov
142728,Pulcheria Alexandrovna
142742,Raskolnikov
142751,Svidrigaïlov
142781,Dounia
142864,Rodya
143019,Marfa Petrovna
143040,Pulcheria Alexandrovna
143059,Dounia
143091,Dounia
143116,Dounia
143121,Svidrigaïlov
143151,Raskolnikov
143175,Dounia
143191,Razumihin
143204,Rodya
143234,Avdotya Romanovna
143238,Dounia
143257,Pulcheria Alexandrovna
143294,Raskolnikov
143307,Razumihin
143563,Razumihin
143621,Razumihin
143660,Raskolnikov
143698,Raskolnikov
143732,Razumihin
143753,Avdotya Romanovna
143758,Rodion
143988,Dounia
144001,Dmitri Prokofitch
144072,Dounia
144172,Razumihin
144254,Rodya
144267,Rodya
144281,Pulcheria Alexandrovna
144295,Razumihin
144297,Dounia
144413,Rodya
144417,Dounia
144479,Dounia
144642,Pulcheria Alexandrovna
144655,Razumihin
144695,Dounia
144772,Dounia
144800,Razumihin
144836,Raskolnikov
144936,Razumihin
144945,Raskolnikov
145023,Razumihin
145031,Raskolnikov
145053,Razumihin
145093,Razumihin
145105,Raskolnikov
145143,Razumihin
145159,Rodya
145168,Rodya
145200,Razumihin
145226,Razumihin
145239,Raskolnikov
145250,Sonia
145278,Kapernaumov
145336,Kapernaumov
145381,Raskolnikov
145413,Sonia
145435,Raskolnikov
145450,Sonia
145508,Raskolnikov
145593,Sonia
145801,Sonia
145873,Sonia
145925,Raskolnikov
145973,Katerina Ivanovna
145980,Sonia
146096,Sonia
146234,Sonia
146405,Katerina Ivanovna
146414,Sonia
146476,Katerina Ivanovna
146493,Sonia
146506,Katerina Ivanovna
146530,Sonia
146555,Sonia
146631,Sonia
146842,Sonia
146897,Sonia
146944,Katerina Ivanovna
146993,Sonia
147342,Raskolnikov
147364,Sonia
147456,Sonia
147505,Sonia
147529,Andrey Semyonovitch Lebeziatnikov
147575,Katerina Ivanovna
147580,Lizaveta
147600,Katerina Ivanovna
147632,Sonia
147753,Katerina Ivanovna
147859,Lizaveta
147875,Sonia
147882,Katerina Ivanovna
147898,Raskolnikov
147919,Sonia
147958,Sonia
147992,Sonia
148038,Katerina Ivanovna
148075,Sonia
148089,Raskolnikov
148197,Sonia
148225,Raskolnikov
148240,Sonia
148282,Sonia
148342,Sonia
148397,Sonia
148460,Raskolnikov
148474,Sonia
148521,Katerina Ivanovna
148621,Sonia
148761,Sonia
148965,Sonia
148985,Raskolnikov
149144,Katerina Ivanovna
149159,Sonia
149237,Sonia
149497,Sonia
149648,Sonia
149655,Sonia
149726,Sonia
150034,Sonia
150066,Lazarus
150073,Sonia
150098,Lazarus
150105,Sonia
150214,Sonia
150216,Raskolnikov
150305,Sonia
150307,Raskolnikov
150359,Lizaveta
150389,Lizaveta
150448,Lizaveta
150482,Sonia
150552,Sonia
150593,Lazarus
150595,Bethany
150627,Raskolnikov
150632,Sonia
150819,John
150837,Martha
150839,Mary
150849,Martha
150856,Jesus
150865,Mary
150875,Martha
150877,Jesus
150932,Jesus
150944,Martha
150966,Jesus
151024,Sonia
151052,Christ
151082,Raskolnikov
151110,Mary
151114,Jesus
151146,Jesus
151193,Jesus
151239,Raskolnikov
151429,Jesus
151453,Jesus
151462,Martha
151501,Jesus
151542,Jesus
151608,Lazarus
151663,Jesus
151684,Mary
151691,Jesus
151723,Lazarus
151805,Raskolnikov
151817,Sonia
151886,Sonia
151964,Sonia
152074,Sonia
152206,Sonia
152404,Sonia
152556,Lizaveta
152564,Sonia
152644,Lizaveta
152671,Sonia
152707,Lizaveta
152812,Sonia
152846,Katerina Ivanovna
152849,Lizaveta
152886,Sonia
152926,Sonia
152943,Svidrigaïlov
152958,Raskolnikov
152995,Sonia
153063,Raskolnikov
153080,Porfiry Petrovitch
153168,Raskolnikov
153409,Porfiry Petrovitch
153497,Porfiry Petrovitch
153502,Porfiry Petrovitch
153579,Raskolnikov
153582,Porfiry Petrovitch
153624,Raskolnikov
153668,Porfiry
153726,Raskolnikov
153855,Porfiry Petrovitch
153954,Raskolnikov
154012,Porfiry
154086,Porfiry Petrovitch
154120,Raskolnikov
154269,Raskolnikov
154288,Porfiry Petrovitch
154319,Raskolnikov
154354,Raskolnikov
154531,Porfiry Petrovitch
154584,Raskolnikov
154601,Porfiry
154620,Raskolnikov
154665,Porfiry Petrovitch
154699,Raskolnikov
154706,Porfiry Petrovitch
154720,Raskolnikov
154778,Porfiry Petrovitch
155017,Porfiry Petrovitch
155048,Raskolnikov
155105,Rodion Romanovitch
155108,Rodion Romanovitch
155181,Raskolnikov
155219,Rodion Romanovitch
155223,Porfiry Petrovitch
155283,Rodion Romanovitch
155456,Raskolnikov
155478,Porfiry Petrovitch
155516,Porfiry
155677,Raskolnikov
155961,Porfiry Petrovitch
156033,Raskolnikov
156078,Porfiry
156187,Rodion Romanovitch
156375,Raskolnikov
156394,Porfiry Petrovitch
156680,Rodion Romanovitch
157251,Raskolnikov
157269,Porfiry
157465,Porfiry
157644,Rodion Romanovitch
157715,Napoleon
157741,Mack
157760,Rodion Romanovitch
157839,Napoleon
157914,Rodion Romanovitch
157922,Porfiry Petrovitch
158414,Rodion Romanovitch
158440,Raskolnikov
158456,Porfiry
158470,Raskolnikov
158484,Porfiry Petrovitch
158525,Lizaveta
158623,Porfiry Petrovitch
158644,Porfiry Petrovitch
158652,Rodion Romanovitch
158675,Raskolnikov
158704,Porfiry Petrovitch
158715,Raskolnikov
158732,Raskolnikov
158745,Porfiry
158828,Porfiry Petrovitch
158838,Raskolnikov
158860,Rodion Romanovitch
158902,Raskolnikov
158943,Porfiry Petrovitch
158969,Dmitri Prokofitch
159073,Raskolnikov
159095,Rodion Romanovitch
159273,Razumihin
159344,Raskolnikov
159367,Porfiry Petrovitch
159401,Porfiry
159666,Rodion Romanovitch
159710,Raskolnikov
159797,Porfiry
159848,Rodion Romanovitch
159943,Raskolnikov
159950,Porfiry
160008,Raskolnikov
160174,Porfiry
160233,Raskolnikov
160247,Porfiry
160250,Raskolnikov
160362,Razumihin
160640,Raskolnikov
160644,Porfiry Petrovitch
160726,Raskolnikov
160867,Raskolnikov
160894,Porfiry
160921,Porfiry Petrovitch
160946,Porfiry
161026,Raskolnikov
161049,Porfiry
161127,Porfiry
161173,Raskolnikov
161278,Porfiry
161294,Raskolnikov
161401,Raskolnikov
161472,Raskolnikov
161516,Raskolnikov
161533,Porfiry
161580,Rodion Romanovitch
161654,Zametov
161779,Raskolnikov
161828,Raskolnikov
161830,Porfiry Petrovitch
161853,Raskolnikov
161880,Porfiry Petrovitch
161938,Nikolay
161972,Porfiry
162142,Nikolay
162197,Porfiry Petrovitch
162215,Nikolay
162228,Porfiry
162248,Nikolay
162297,Porfiry Petrovitch
162316,Nikolay
162336,Porfiry Petrovitch
162342,Nikolay
162351,Alyona Ivanovna
162356,Lizaveta Ivanovna
162390,Porfiry Petrovitch
162423,Raskolnikov
162435,Nikolay
162447,Nikolay
162449,Raskolnikov
162454,Nikolay
162519,Nikolay
162555,Nikolay
162632,Mitka
162635,Nikolay
162654,Porfiry
162684,Raskolnikov
162694,Nikolay
162702,Raskolnikov
162714,Rodion Romanovitch
162788,Raskolnikov
162836,Porfiry Petrovitch
162860,Porfiry
162864,Raskolnikov
162886,Raskolnikov
162954,Raskolnikov
163005,Porfiry Petrovitch
163029,Rodion Romanovitch
163074,Porfiry
163115,Porfiry Petrovitch
163131,Raskolnikov
163162,Porfiry
163222,Raskolnikov
163236,Porfiry Petrovitch
163249,Raskolnikov
163297,Raskolnikov
163336,Porfiry Petrovitch
163367,Nikolay
163468,Nikolay
163535,Gogol
163546,Gogol
163553,Gogol
163570,Raskolnikov
163610,Nikolay
163633,Nikolay
163717,Porfiry
163737,Porfiry
163765,Raskolnikov
163768,Porfiry
163805,Porfiry
163823,Raskolnikov
163862,Porfiry
163907,Nikolay
163909,Porfiry
163939,Raskolnikov
164002,Porfiry
164099,Katerina Ivanovna
164133,Sonia
164235,Raskolnikov
164317,Raskolnikov
164352,Raskolnikov
164452,Raskolnikov
164541,Raskolnikov
164730,Porfiry
164753,Porfiry
164773,Porfiry
165185,Nikolay
165221,Nikolay
165244,Nikolay
165286,Raskolnikov
165331,Raskolnikov
165394,Dounia
165404,Pyotr Petrovitch
165461,Pyotr Petrovitch
165504,Pyotr Petrovitch
165554,Andrey Semyonovitch Lebeziatnikov
165569,Pyotr Petrovitch
165613,Andrey Semyonovitch
165725,Pyotr Petrovitch
165780,Pyotr Petrovitch
165823,Dounia
165847,Raskolnikov
165853,Pyotr Petrovitch
165886,Lebeziatnikov
165968,Knopp
166065,Pyotr Petrovitch
166098,Katerina Ivanovna
166142,Madame Lippevechsel
166151,Katerina Ivanovna
166192,Andrey Semyonovitch Lebeziatnikov
166204,Katerina Ivanovna
166210,Pyotr Petrovitch
166232,Amalia Ivanovna
166293,Pyotr Petrovitch
166304,Lebeziatnikov
166314,Raskolnikov
166323,Andrey Semyonovitch
166336,Pyotr Petrovitch
166348,Pyotr Petrovitch
166406,Andrey Semyonovitch
166446,Pyotr Petrovitch
166650,Pyotr Petrovitch
166686,Andrey Semyonovitch
166695,Raskolnikov
166710,Andrey Semyonovitch
166723,Pyotr Petrovitch
166761,Andrey Semyonovitch
166867,Andrey Semyonovitch
166944,Amalia Ivanovna
166960,Andrey Semyonovitch
167034,Lebeziatnikov
167049,Pyotr Petrovitch
167061,Andrey Semyonovitch
167071,Pyotr Petrovitch
167103,Fourier
167112,Pyotr Petrovitch
167135,Lebeziatnikov
167224,Pyotr Petrovitch
167237,Andrey Semyonovitch
167249,Andrey Semyonovitch
167281,Dounia
167296,Pyotr Petrovitch
167319,Pyotr Petrovitch
167350,Andrey Semyonovitch
167382,Pyotr Petrovitch
167385,Andrey Semyonovitch
167407,Pyotr Petrovitch
167456,Andrey Semyonovitch
167482,Pyotr Petrovitch
167505,Andrey Semyonovitch
167508,Pyotr Petrovitch
167519,Dounia
167580,Pyotr Petrovitch
167586,Andrey Semyonovitch
167660,Raskolnikov
167691,Pyotr Petrovitch
167795,Lebeziatnikov
167827,Lebeziatnikov
167838,Katerina Ivanovna
167878,Pyotr Petrovitch
167902,Lebeziatnikov
168374,Terebyeva
168465,Varents
168736,Pyotr Petrovitch
168910,Sofya Semyonovna
168961,Lebeziatnikov
168986,Katerina Ivanovna
169003,Sofya Semyonovna
169030,Sofya Semyonovna
169151,Sofya Semyonovna
169235,Sofya Semyonovna
169827,Lebeziatnikov
169997,Raphael
170099,Pyotr Petrovitch
170149,Lebeziatnikov
170156,Luzhin
170191,Lebeziatnikov
170211,Pyotr Petrovitch
170237,Pyotr Petrovitch
170304,Lebeziatnikov
170418,Lebeziatnikov
170422,Sonia
170466,Pyotr Petrovitch
170529,Sonia
170551,Pyotr Petrovitch
170561,Lebeziatnikov
170568,Pyotr Petrovitch
170572,Sonia
170578,Lebeziatnikov
170582,Raskolnikov
170599,Raskolnikov
170669,Raskolnikov
170687,Lebeziatnikov
170750,Pyotr Petrovitch
170760,Sonia
170793,Sonia
170805,Sofya Semyonovna
170827,Katerina Ivanovna
170840,Pyotr Petrovitch
170872,Sonia
170928,Sonia
170945,Pyotr Petrovitch
170969,Sofya Semyonovna
171002,Sonia
171040,Pyotr Petrovitch
171070,Pyotr Petrovitch
171110,Pyotr Petrovitch
171141,Katerina Ivanovna
171178,Sonia
171270,Sonia
171472,Sonia
171505,Sonia
171643,Sonia
171648,Pyotr Petrovitch
171695,Lebeziatnikov
171726,Sofya Semyonovna
171749,Katerina Ivanovna
171953,Sonia
172029,Pyotr Petrovitch
172034,Sonia
172043,Sonia
172060,Pyotr Petrovitch
172085,Katerina Ivanovna
172095,Lebeziatnikov
172115,Sonia
172122,Pyotr Petrovitch
172231,Pyotr Petrovitch
172240,Lebeziatnikov
172301,Pyotr Petrovitch
172341,Lebeziatnikov
172350,Pyotr Petrovitch
172371,Pyotr Petrovitch
172490,Lebeziatnikov
172571,Pushkin
172872,Pyotr Petrovitch
172898,Lebeziatnikov
172904,Pyotr Petrovitch
172913,Lebeziatnikov
172941,Katerina Ivanovna
172956,Raskolnikov
172958,Marmeladov
172968,Katerina Ivanovna
172991,Amalia Ivanovna
173090,Katerina Ivanovna
173198,Katerina Ivanovna
173241,Sonia
173358,Amalia Ivanovna
173378,Katerina Ivanovna
173416,Katerina Ivanovna
173459,Katerina Ivanovna
173515,Katerina Ivanovna
173675,Amalia Ivanovna
173685,Katerina Ivanovna
173701,Amalia Ivanovna
173740,Katerina Ivanovna
173807,Amalia Ivanovna
173848,Katerina Ivanovna
173866,Amalia Ivanovna
173918,Katerina Ivanovna
173945,Amalia Ivanovna
173950,Ludwigovna
173962,Katerina Ivanovna
173994,Amalia Ivanovna
174015,Katerina Ivanovna
174094,Pyotr Petrovitch Luzhin
174120,Katerina Ivanovna
174133,Amalia Ivanovna
174138,Sonia
174205,Katerina Ivanovna
174251,Lebeziatnikov
174280,Pyotr Petrovitch
174345,Katerina Ivanovna
174352,Marmeladov
174358,Katerina Ivanovna
174363,Amalia Ivanovna
174369,Katerina Ivanovna
174405,Katerina Ivanovna
174614,Amalia Ivanovna
174662,Katerina Ivanovna
174688,Amalia Ivanovna
174714,Amalia Ivanovna
174729,Katerina Ivanovna
174786,Polenka
174812,Katerina Ivanovna
174856,Amalia Ivanovna
174900,Raskolnikov
174914,Katerina Ivanovna
174989,Amalia Ivanovna
175051,Raskolnikov
175107,Katerina Ivanovna
175379,Amalia Ivanovna
175422,Raskolnikov
175513,Raskolnikov
175680,Pyotr Petrovitch
175689,Sonia
175708,Sonia
175731,Rodion Romanovitch
175746,Sonia
175810,Kolya
175830,Sonia
175833,Sonia
175838,Pyotr Petrovitch
175863,Pyotr Petrovitch
175869,Pyotr Petrovitch
175910,Sonia
175916,Katerina Ivanovna
175931,Raskolnikov
175975,Katerina Ivanovna
175986,Katerina Ivanovna
175995,Sonia
176002,Katerina Ivanovna
176019,Pyotr Petrovitch
176027,Sonia
176031,Katerina Ivanovna
176038,Pyotr Petrovitch
176049,Raskolnikov
176061,Pyotr Petrovitch
176104,Rodion Romanovitch
176257,Pyotr Petrovitch
176268,Katerina Ivanovna
176291,Amalia Ivanovna
176394,Katerina Ivanovna
176455,Rodion Romanovitch
176497,Katerina Ivanovna
176535,Raskolnikov
176690,Katerina Ivanovna
176816,Raskolnikov
176836,Katerina Ivanovna
176853,Sonia
176857,Sonia
176883,Katerina Ivanovna
176894,Sonia
176910,Katerina Ivanovna
176919,Amalia Ivanovna
176951,Sonia
176956,Katerina Ivanovna
176966,Sonia
176970,Katerina Ivanovna
176985,Sonia
176988,Katerina Ivanovna
177015,Sonia
177041,Katerina Ivanovna
177066,Amalia Ivanovna
177081,Katerina Ivanovna
177145,Karl
177171,Katerina Ivanovna
177180,Amalia Ivanovna
177222,Katerina Ivanovna
177233,Amalia Ivanovna
177250,Katerina Ivanovna
177299,Rodion Romanovitch
177457,Katerina Ivanovna
177463,Raskolnikov
177519,Katerina Ivanovna
177532,Marmeladov
177536,Raskolnikov
177546,Katerina Ivanovna
177578,Katerina Ivanovna
177621,Katerina Ivanovna
177675,Katerina Ivanovna
177728,Katerina Ivanovna
177772,Mangot
177777,Katerina Ivanovna
177808,Sonia
177842,Katerina Ivanovna
177866,Sonia
177890,Sonia
177900,Sonia
177905,Katerina Ivanovna
177957,Amalia Ivanovna
178011,Wäsche
178042,Katerina Ivanovna
178066,Amalia Ivanovna
178108,Wäsche
178131,Amalia Ivanovna
178176,Katerina Ivanovna
178222,Amalia Ivanovna
178261,Katerina Ivanovna
178287,Amalia Ivanovna
178370,Amalia Ivanovna
178384,Katerina Ivanovna
178400,Amalia Ivanovna
178413,Petersburg Finn
178428,Amalia Ivanovna
178440,Katerina Ivanovna
178472,Katerina Ivanovna
178504,Amalia Ivanovna
178541,Amalia Ivanovna
178544,Amalia Ludwigovna
178549,Amalia Ivanovna
178568,Amalia Ivanovna
178573,Ludwigovna
178578,Vater
178581,Johann
178591,Katerina Ivanovna
178594,Vater
178602,Katerina Ivanovna
178654,Katerina Ivanovna
178671,Amalia Ivanovna
178695,Katerina Ivanovna
178732,Sonia
178736,Katerina Ivanovna
178741,Amalia Ivanovna
178752,Katerina Ivanovna
178755,Sonia
178777,Pyotr Petrovitch Luzhin
178796,Katerina Ivanovna
178803,Pyotr Petrovitch
178885,Pyotr Petrovitch
178926,Amalia Ivanovna
178952,Sofya
178954,Ivanovna
178967,Pyotr Petrovitch
178980,Sonia
178983,Katerina Ivanovna
179000,Pyotr Petrovitch
179042,Pyotr Petrovitch
179107,Raskolnikov
179111,Sonia
179120,Pyotr Petrovitch
179132,Lebeziatnikov
179184,Pyotr Petrovitch
179204,Amalia Ivanovna
179227,Sofya Ivanovna
179230,Sofya Ivanovna
179239,Sonia
179276,Lebeziatnikov
179353,Sonia
179390,Luzhin
179411,Sonia
179580,Lebeziatnikov
179669,Lebeziatnikov
179695,Lebeziatnikov
179713,Katerina Ivanovna
179819,Lebeziatnikov
179850,Lebeziatnikov
179861,Lebeziatnikov
179910,Lebeziatnikov
180185,Sonia
180205,Sonia
180255,Sonia
180279,Raskolnikov
180306,Sonia
180309,Amalia Ivanovna
180344,Gott
180357,Amalia Ivanovna
180371,Luzhin
180395,Amalia Ivanovna
180431,Katerina Ivanovna
180454,Sonia
180468,Sonia
180522,Katerina Ivanovna
180532,Luzhin
180548,Amalia Ivanovna
180556,Pyotr Petrovitch
180580,Lebeziatnikov
180606,Katerina Ivanovna
180622,Sonia
180624,Sonia
180629,Sonia
180645,Katerina Ivanovna
180740,Rodion Romanovitch
180894,Katerina Ivanovna
180905,Sonia
180997,Amalia Ivanovna
181037,Katerina Ivanovna
181041,Sonia
181080,Katerina Ivanovna
181125,Pyotr Petrovitch
181160,Pyotr Petrovitch
181185,Amalia Ivanovna
181205,Raskolnikov
181214,Sonia
181225,Sonia
181293,Katerina Ivanovna
181318,Sonia
181507,Rodion Romanovitch
181618,Pyotr Petrovitch
181711,Sofya Semyonovna
181822,Sonia
181837,Pyotr Petrovitch
181843,Raskolnikov
181853,Raskolnikov
181864,Katerina Ivanovna
181875,Sonia
181887,Sonia
181927,Sonia
181945,Pyotr Petrovitch
181956,Lebeziatnikov
181966,Pyotr Petrovitch
181981,Lebeziatnikov
182004,Pyotr Petrovitch
182041,Lebeziatnikov
182061,Raskolnikov
182081,Pyotr Petrovitch
182250,Sofya Semyonovna
182281,Lebeziatnikov
182438,Luzhin
182545,Sofya Semyonovna
182695,Lebeziatnikov
182721,Pyotr Petrovitch
182724,Katerina Ivanovna
182728,Lebeziatnikov
182761,Katerina Ivanovna
183138,Sofya Semyonovna
183188,Madame Kobilatnikov
183207,Piderit
183213,Wagner
183262,Lebeziatnikov
183348,Pyotr Petrovitch
183444,Pyotr Petrovitch
183470,Lebeziatnikov
183539,Raskolnikov
183597,Raskolnikov
183600,Lebeziatnikov
183694,Avdotya Romanovna Raskolnikov
183778,Katerina Ivanovna
183793,Marmeladov
183818,Katerina Ivanovna
183822,Sofya Semyonovna
183837,Sofya Semyonovna
183851,Sofya Semyonovna
183916,Katerina Ivanovna
183924,Sofya Semyonovna
183933,Sofya Semyonovna
183953,Pyotr Petrovitch Luzhin
183965,Sofya Semyonovna
183986,Sofya Semyonovna
184067,Sofya Semyonovna
184107,Sofya Semyonovna
184185,Sofya Semyonovna
184234,Raskolnikov
184298,Lebeziatnikov
184316,Sofya Semyonovna
184334,Katerina Ivanovna
184372,Luzhin
184528,Sonia
184564,Raskolnikov
184575,Katerina Ivanovna
184586,Amalia Ivanovna
184613,Pyotr Petrovitch
184621,Raskolnikov
184639,Luzhin
184648,Pyotr Petrovitch
184659,Sonia
184949,Pyotr Petrovitch
184958,Amalia Ivanovna
184976,Pyotr Petrovitch
184994,Sonia
185167,Amalia Ivanovna
185188,Katerina Ivanovna
185229,Katerina Ivanovna
185239,Katerina Ivanovna
185266,Amalia Ivanovna
185409,Polenka
185454,Marmeladov
185458,Raskolnikov
185460,Katerina Ivanovna
185538,Amalia Ivanovna
185603,Raskolnikov
185608,Sofya Semyonovna
185629,Sonia
185633,Raskolnikov
185642,Sonia
185694,Sonia
185714,Sonia
185724,Lizaveta
185756,Katerina Ivanovna
185763,Sofya Semyonovna
185803,Sonia
185837,Lizaveta
185919,Sonia
185942,Raskolnikov
186005,Raskolnikov
186045,Sonia
186176,Amalia Ivanovna
186187,Katerina Ivanovna
186205,Sonia
186232,Raskolnikov
186255,Katerina Ivanovna
186264,Katerina Ivanovna
186306,Sonia
186313,Raskolnikov
186327,Luzhin
186372,Lebeziatnikov
186417,Lebeziatnikov
186423,Sonia
186476,Raskolnikov
186528,Lebeziatnikov
186554,Sonia
186561,Luzhin
186582,Katerina Ivanovna
186645,Katerina Ivanovna
186666,Sonia
186742,Sonia
186857,Raskolnikov
186873,Sonia
186927,Sonia
187003,Sonia
187049,Sonia
187210,Sonia
187312,Sonia
187336,Sonia
187399,Sonia
187464,Sonia
187491,Sonia
187529,Lizaveta
187582,Sonia
187711,Raskolnikov
187740,Lizaveta
187767,Lizaveta
187821,Sonia
187872,Lizaveta
187947,Sonia
188220,Sonia
188376,Raskolnikov
188395,Sonia
188503,Sonia
188527,Sonia
188653,Sonia
188659,Sonia
188820,Sonia
188831,Sonia
188862,Sonia
188910,Sonia
188913,Sonia
188967,Katerina Ivanovna
188982,Sonia
189025,Razumihin
189045,Sonia
189157,Sonia
189254,Sonia
189293,Sonia
189394,Sonia
189411,Sonia
189446,Sonia
189479,Sonia
189539,Sonia
189589,Sonia
189687,Sonia
189710,Sonia
189841,Sonia
189894,Napoleon
189916,Sonia
189984,Napoleon
190010,Mont Blanc
190233,Sonia
190251,Sonia
190303,Sonia
190664,Sonia
190728,Sonia
190774,Sonia
190821,Sonia
190861,Sonia
190909,Sonia
191068,Razumihin
191120,Sonia
191188,Nastasya
191356,Sonia
191421,Sonia
191434,Sonia
191511,Raskolnikov
191514,Sonia
191559,Sonia
191577,Sonia
191707,Sonia
191726,Sonia
191755,Sonia
191816,Sonia
191836,Sonia
191926,Sonia
192053,Napoleon
192070,Napoleon
192085,Sonia
192226,Sonia
192348,Sonia
192356,Sonia
192381,Sonia
192570,Sonia
192624,Sonia
192813,Sonia
192853,Sonia
192873,Sonia
192966,Sonia
193022,Sonia
193122,Sonia
193286,Sonia
193454,Sonia
193625,Sonia
193667,Sonia
193715,Sonia
193737,Sonia
193810,Lizaveta
193828,Lizaveta
193879,Raskolnikov
193908,Sonia
193980,Sofya Semyonovna
193999,Sonia
194013,Lebeziatnikov
194019,Lebeziatnikov
194030,Sofya Semyonovna
194053,Raskolnikov
194075,Katerina Ivanovna
194092,Raskolnikov
194094,Sonia
194096,Sonia
194273,Amalia Ivanovna
194454,Lebeziatnikov
194461,Sonia
194492,Raskolnikov
194496,Lebeziatnikov
194512,Raskolnikov
194529,Sofya Semyonovna
194667,Raskolnikov
194684,Katerina Ivanovna
194826,Raskolnikov
194843,Lebeziatnikov
194851,Lebeziatnikov
194865,Raskolnikov
195034,Sonia
195155,Dounia
195227,Dounia
195266,Dmitri Prokofitch
195289,Dmitri Prokofitch
195474,Dounia
195523,Raskolnikov
195535,Dmitri Prokofitch
195545,Dounia
195579,Dounia
195582,Dounia
195773,Sonia
195985,Dounia
195991,Sonia
196008,Lebeziatnikov
196044,Sofya Semyonovna
196103,Sonia
196106,Raskolnikov
196112,Lebeziatnikov
196124,Sofya Semyonovna
196130,Katerina Ivanovna
196134,Sofya Semyonova
196141,Katerina Ivanovna
196189,Sofya Semyonovna
196213,Sonia
196234,Katerina Ivanovna
196257,Katerina Ivanovna
196486,Lebeziatnikov
196495,Raskolnikov
196509,Katerina Ivanovna
196522,Kolya
196632,Marmeladov
196647,Katerina Ivanovna
196661,Polenka
196712,Sonia
196714,Katerina Ivanovna
196726,Katerina Ivanovna
196738,Sonia
196790,Petersburg
196827,Katerina Ivanovna
196857,Sonia
196884,Rodion Romanovitch
196896,Raskolnikov
197039,Kolya
197072,Rodion Romanovitch
197119,Raskolnikov
197191,Katerina Ivanovna
197204,Rodion Romanovitch
197226,Rodion Romanovitch
197311,Sonia
197397,Polenka
197459,Judy
197501,Rodion Romanovitch
197608,Polenka
197639,Hussar
197766,Kolya
197891,Sonia
198007,Katerina Ivanovna
198041,Katerina Ivanovna
198160,Semyon Zaharovitch
198312,Katerina Ivanovna
198384,Katerina Ivanovna
198396,Sonia
198398,Sonia
198451,Kolya
198501,Katerina Ivanovna
198525,Sonia
198541,Sonia
198590,Sonia
198603,Raskolnikov
198605,Lebeziatnikov
198738,Katerina Ivanovna
198755,Sonia
198784,Raskolnikov
198786,Lebeziatnikov
198852,Sonia
198917,Katerina Ivanovna
198924,Sonia
198952,Raskolnikov
198954,Lebeziatnikov
198960,Sonia
198988,Kolya
199058,Svidrigaïlov
199064,Raskolnikov
199099,Raskolnikov
199121,Kapernaumov
199126,Katerina Ivanovna
199150,Sonia
199210,Polenka
199253,Sonia
199282,Sonia
199288,Kolya
199299,Sonia
199475,Amalia Ludwigovna
199482,Kolya
199492,Glissez
199758,Sonia
199761,Sonia
199763,Sonia
199880,Sonia
199906,Polenka
199922,Kolya
200009,Katerina Ivanovna
200019,Raskolnikov
200030,Lebeziatnikov
200046,Rodion Romanovitch
200059,Svidrigaïlov
200066,Lebeziatnikov
200077,Svidrigaïlov
200079,Raskolnikov
200151,Sofya Semyonovna
200184,Avdotya Romanovna
200209,Raskolnikov
200220,Svidrigaïlov
200287,Luzhin
200311,Polenka
200338,Raskolnikov
200353,Sonia
200400,Kapernaumov
200405,Madame Resslich
200431,Svidrigaïlov
200446,Rodion Romanovitch
200502,Raskolnikov
200759,Svidrigaïlov
200770,Svidrigaïlov
200776,Svidrigaïlov
200784,Sonia
200791,Katerina Ivanovna
200817,Raskolnikov
200960,Katerina Ivanovna
200972,Svidrigaïlov
200974,Sonia
201016,Katerina Ivanovna
201027,Svidrigaïlov
201036,Sonia
201046,Svidrigaïlov
201048,Raskolnikov
201063,Katerina Ivanovna
201133,Sonia
201146,Raskolnikov
201180,Svidrigaïlov
201184,Raskolnikov
201205,Rodion Romanovitch
201259,Rodion Romanovitch
201314,Svidrigaïlov
201325,Svidrigaïlov
201330,Raskolnikov
201343,Sonia
201423,Polenka
201429,Sonia
201464,Raskolnikov
201494,Raskolnikov
201520,Raskolnikov
201524,Sonia
201545,Raskolnikov
201588,Sonia
201592,Raskolnikov
201903,Dounia
201973,Katerina Ivanovna
201995,Nastasya
202047,Razumihin
202066,Razumihin
202079,Raskolnikov
202360,Avdotya Romanovna
202534,Sofya Semyonovna
202553,Sofya Semyonovna
202581,Sofya Semyonovna
202603,Avdotya Romanovna
202810,Razumihin
202883,Razumihin
202904,Razumihin
203042,Razumihin
203276,Razumihin
203324,Dounia
203471,Raskolnikov
203497,Rodion
203599,Porfiry
203822,Raskolnikov
203866,Porfiry
203883,Raskolnikov
203978,Rodya
204016,Razumihin
204043,Avdotya Romanovna
204141,Nikolay
204248,Razumihin
204252,Raskolnikov
204350,Nikolay
204352,Porfiry
204367,Nikolay
204380,Sonia
204416,Sonia
204441,Svidrigaïlov
204471,Svidrigaïlov
204473,Svidrigaïlov
204485,Porfiry
204494,Porfiry
204500,Razumihin
204517,Porfiry
204523,Porfiry
204530,Nikolay
204541,Nikolay
204565,Raskolnikov
204574,Porfiry
204621,Nikolay
204624,Porfiry
204651,Razumihin
204697,Razumihin
204700,Nikolay
204742,Porfiry
204753,Raskolnikov
204792,Svidrigaïlov
204899,Porfiry
204913,Raskolnikov
204938,Porfiry
204971,Porfiry
205006,Rodion Romanovitch
205010,Porfiry
205065,Porfiry Petrovitch
205072,Raskolnikov
205147,Raskolnikov
205152,Porfiry
205161,Porfiry
205185,Raskolnikov
205205,Porfiry Petrovitch
205349,Rodion Romanovitch
205369,Raskolnikov
205423,Porfiry Petrovitch
205497,Raskolnikov
205506,Porfiry
205526,Rodion Romanovitch
205555,Raskolnikov
205578,Raskolnikov
205613,Rodion Romanovitch
205738,Raskolnikov
205753,Porfiry
205766,Porfiry Petrovitch
205810,Nikolay
205951,Rodion Romanovitch
205993,Rodion Romanovitch
206144,Rodion Romanovitch
206175,Raskolnikov
206260,Rodion Romanovitch
206438,Porfiry Petrovitch
206445,Raskolnikov
206456,Porfiry
206481,Porfiry Petrovitch
206667,Rodion Romanovitch
206782,Rodion Romanovitch
207067,Nikolay
207264,Razumihin
207295,Razumihin
207306,Zametov
207373,Zametov
207481,Razumihin
207518,Zametov
207568,Rodion Romanovitch
207776,Rodion Romanovitch
207808,Jove
207812,Nikolay
207822,Nikolay
207933,Nikolay
207942,Razumihin
207950,Nikolay
208025,Razumihin
208029,Porfiry Petrovitch
208038,Raskolnikov
208060,Razumihin
208072,Razumihin
208109,Nikolay
208329,Nikolay
208388,Petersburg
208536,Rodion Romanovitch
208712,Nikolay
208829,Nikolay
208893,Rodion Romanovitch
208896,Nikolay
209149,Rodion Romanovitch
209174,Raskolnikov
209206,Porfiry Petrovitch
209246,Rodion Romanovitch
209270,Raskolnikov
209308,Porfiry Petrovitch
209324,Rodion Romanovitch
209368,Raskolnikov
209387,Rodion Romanovitch
209396,Porfiry
209418,Raskolnikov
209433,Porfiry Petrovitch
209440,Raskolnikov
209455,Porfiry Petrovitch
209554,Raskolnikov
209878,Raskolnikov
209987,Raskolnikov
209995,Porfiry Petrovitch
210034,Rodion Romanovitch
210070,Rodion Romanovitch
210124,Rodion Romanovitch
210128,Raskolnikov
210185,Rodion Romanovitch
210358,Rodion Romanovitch
210368,Raskolnikov
210415,Porfiry
210445,Porfiry
210476,Raskolnikov
210493,Porfiry
210596,Raskolnikov
210651,Raskolnikov
210857,Nikolay
211120,Raskolnikov
211309,Schiller
211456,Raskolnikov
211693,Rodion Romanovitch
211727,Nikolay
211739,Rodion Romanovitch
211743,Raskolnikov
211751,Porfiry Petrovitch
211801,Porfiry Petrovitch
211822,Raskolnikov
212047,Porfiry
212056,Raskolnikov
212073,Porfiry
212095,Svidrigaïlov
212149,Svidrigaïlov
212152,Porfiry
212181,Porfiry
212365,Svidrigaïlov
212370,Porfiry
212391,Svidrigaïlov
212409,Svidrigaïlov
212455,Svidrigaïlov
212464,Svidrigaïlov
212472,Sonia
212480,Sonia
212494,Sonia
212498,Sonia
212538,Svidrigaïlov
212615,Katerina Ivanovna
212654,Raskolnikov
212683,Svidrigaïlov
212689,Svidrigaïlov
212700,Dounia
212743,Dounia
212768,Svidrigaïlov
212803,Dounia
212815,Dounia
212827,Dounia
212842,Luzhin
212849,Razumihin
212857,Razumihin
212871,Razumihin
212886,Svidrigaïlov
212923,Svidrigaïlov
212932,Dounia
212936,Raskolnikov
213117,Svidrigaïlov
213137,Raskolnikov
213146,Svidrigaïlov
213157,Raskolnikov
213173,Raskolnikov
213216,Svidrigaïlov
213260,Raskolnikov
213287,Raskolnikov
213296,Svidrigaïlov
213319,Svidrigaïlov
213349,Raskolnikov
213358,Svidrigaïlov
213413,Svidrigaïlov
213505,Svidrigaïlov
213509,Raskolnikov
213546,Philip
213553,Svidrigaïlov
213564,Raskolnikov
213581,Katia
213613,Katia
213639,Svidrigaïlov
213674,Svidrigaïlov
213702,Philip
213726,Svidrigaïlov
213767,Raskolnikov
213868,Svidrigaïlov
213918,Rodion Romanovitch
214019,Raskolnikov
214114,Raskolnikov
214179,Rodion Romanovitch
214445,Raskolnikov
214463,Svidrigaïlov
214480,Raskolnikov
214618,Raskolnikov
214723,Svidrigaïlov
214767,Raskolnikov
214949,Svidrigaïlov
214963,Raskolnikov
214990,Svidrigaïlov
215229,Svidrigaïlov
215341,Katia
215629,Marfa Petrovna
215767,Marfa Petrovna
215776,Svidrigaïlov
216130,Svidrigaïlov
216217,Marfa Petrovna
216384,Rodion Romanovitch
216473,Schiller
216492,Raskolnikov
216509,Svidrigaïlov
216545,Marfa Petrovna
216631,Raskolnikov
216660,Svidrigaïlov
216684,Svidrigaïlov
216804,Avdotya Romanovna
216828,Svidrigaïlov
217063,Marfa Petrovna
217103,Marfa Petrovna
217161,Marfa Petrovna
217171,Marfa Petrovna
217276,Marfa Petrovna
217416,Marfa Petrovna
217474,Avdotya Romanovna
217493,Marfa Petrovna
217538,Marfa Petrovna
217541,Avdotya Romanovna
217592,Avdotya Romanovna
217659,Svidrigaïlov
217750,Raskolnikov
217757,Svidrigaïlov
217763,Raskolnikov
217777,Svidrigaïlov
217848,Avdotya Romanovna
217881,Avdotya Romanovna
218008,Rodion Romanovitch
218189,Razumihin
218296,Avdotya Romanovna
218426,Parasha
218886,I. Poor Marfa Petrovna
218972,Avdotya Romanovna
219059,Parasha
219084,Rodion Romanovitch
219221,Rodion Romanovitch
219227,Avdotya Romanovna
219353,Marfa Petrovna
219396,Marfa Petrovna
219469,Raskolnikov
219507,Svidrigaïlov
219539,Svidrigaïlov
219555,Svidrigaïlov
219608,Svidrigaïlov
219674,Avdotya Romanovna
219705,Dounia
219726,Svidrigaïlov
219842,Philip
219855,Svidrigaïlov
220095,Madame Resslich
220210,Resslich
220731,Raphael
220733,Madonna
220739,Sistine Madonna
220822,Madonna
221129,Katerina Ivanovna
221164,Svidrigaïlov
221234,Marfa Petrovna
221732,Schiller
221738,Schiller
221787,Raskolnikov
221790,Svidrigaïlov
221797,Philip
221845,Raskolnikov
221911,Raskolnikov
221986,Svidrigaïlov
221993,Raskolnikov
221999,Svidrigaïlov
222048,Raskolnikov
222067,Raskolnikov
222143,Raskolnikov
222210,Raskolnikov
222288,Raskolnikov
222335,Svidrigaïlov
222344,Raskolnikov
222476,Sofya Semyonovna
222501,Sofya Semyonovna
222557,Katerina Ivanovna
222574,Sofya Semyonovna
222594,Sofya Semyonovna
222733,Svidrigaïlov
222775,Sofya Semyonovna
222864,Schiller
222987,Raskolnikov
223146,Sofya Semyonovna
223165,Kapernaumov
223176,Madame de Kapernaumov
223415,Raskolnikov
223455,Svidrigaïlov
223490,Svidrigaïlov
223520,Raskolnikov
223552,Raskolnikov
223556,Svidrigaïlov
223643,Dounia
223678,Svidrigaïlov
223718,Raskolnikov
223726,Dounia
223762,Dounia
223774,Svidrigaïlov
223784,Svidrigaïlov
223794,Rodion Romanovitch
223878,Dounia
223939,Sofya Semyonovna
224005,Dounia
224059,Sofya Semyonovna
224231,Sofya Semyonovna
224271,Svidrigaïlov
224310,Dounia
224385,Svidrigaïlov
224388,Sonia
224455,Sofya Semyonovna
224548,Svidrigaïlov
224556,Dounia
224587,Svidrigaïlov
224629,Svidrigaïlov
224631,Dounia
224641,Dounia
224658,Svidrigaïlov
224717,Sofya Semyonovna
224727,Rodion Romanovitch
224790,Avdotya Romanovna
224836,Dounia
224871,Svidrigaïlov
225051,Dounia
225131,Razumihin
225167,Rodion Romanovitch
225241,Sofya Semyonovna
225292,Lizaveta
225347,Sofya Semyonovna
225403,Dounia
225519,Dounia
225554,Svidrigaïlov
225574,Avdotya Romanovna
225649,Sofya Semyonovna
225688,Avdotya Romanovna
225939,Napoleon
226076,Avdotya Romanovna
226105,Avdotya Romanovna
226205,Avdotya Romanovna
226312,Avdotya Romanovna
226336,Razumihin
226345,Razumihin
226378,Avdotya Romanovna
226387,Sofya Semyonovna
226391,Dounia
226421,Avdotya Romanovna
226434,Sofya Semyonovna
226508,Dounia
226525,Svidrigaïlov
226533,Avdotya Romanovna
226560,Dounia
226574,Svidrigaïlov
226582,Avdotya Romanovna
226893,Dounia
226897,Svidrigaïlov
226938,Dounia
227035,Razumihin
227156,Dounia
227191,Svidrigaïlov
227292,Dounia
227338,Svidrigaïlov
227386,Avdotya Romanovna
227401,Sofya Semyonovna
227507,Avdotya Romanovna
227516,Dounia
227639,Svidrigaïlov
227691,Svidrigaïlov
227735,Avdotya Romanovna
227749,Razumihin
227797,Marfa Petrovna
227861,Svidrigaïlov
227918,Marfa Petrovna
228010,Avdotya Romanovna
228064,Dounia
228130,Dounia
228289,Dounia
228340,Svidrigaïlov
228370,Dounia
228441,Dounia
228502,Dounia
228546,Svidrigaïlov
228610,Dounia
228663,Dounia
228666,Svidrigaïlov
228689,Dounia
228808,Dounia
228828,Svidrigaïlov
228852,Dounia
228898,Svidrigaïlov
228975,Dounia
229064,Katia
229086,Katia
229089,Svidrigaïlov
229091,Katia
229241,Svidrigaïlov
229338,Svidrigaïlov
229540,Sonia
229568,Svidrigaïlov
229591,Svidrigaïlov
229599,Sonia
229619,Sofya Semyonovna
229624,Svidrigaïlov
229674,Sonia
229811,Sofya Semyonovna
229848,Sonia
229883,Arkady Ivanovitch
229934,Sofya Semyonovna
229958,Rodion Romanovitch
229974,Sonia
230098,Amalia Ivanovna
230119,Sofya Semyonovna
230124,Katerina Ivanovna
230220,Rodion Romanovitch
230238,Razumihin
230245,Razumihin
230282,Sonia
230362,Sofya Semyonovna
230387,Razumihin
230397,Arkady Ivanovitch Svidrigaïlov
230414,Sonia
230498,Svidrigaïlov
230522,Svidrigaïlov
230599,Svidrigaïlov
230650,Arkady Ivanovitch
230689,Svidrigaïlov
230822,Svidrigaïlov
230932,Svidrigaïlov
231113,Madame Resslich
231145,Svidrigaïlov
231220,Y. Prospect
231379,Svidrigaïlov
231432,Svidrigaïlov
231502,Svidrigaïlov
231567,Svidrigaïlov
231666,Svidrigaïlov
231732,Svidrigaïlov
231967,Svidrigaïlov
232011,Svidrigaïlov
232193,Petrovsky Park
232361,Marfa Petrovna
232408,Dounia
232413,Raskolnikov
232418,Razumihin
232432,Raskolnikov
232444,Raskolnikov
232518,Dounia
232659,Dounia
233450,Svidrigaïlov
233547,Svidrigaïlov
233670,Svidrigaïlov
234033,Svidrigaïlov
234698,Svidrigaïlov
234734,Svidrigaïlov
234997,Svidrigaïlov
235206,Petrovsky
235317,Svidrigaïlov
235319,Achilles
235336,Achilles
235387,Svidrigaïlov
235423,Svidrigaïlov
235432,Achilles
235529,Achilles
235541,Svidrigaïlov
235557,Raskolnikov
235578,Razumihin
235592,Raskolnikov
235724,Dounia
235740,Pulcheria Alexandrovna
235784,Rodya
235878,Raskolnikov
235887,Pulcheria Alexandrovna
236035,Rodya
236037,Dmitri Prokofitch
236152,Raskolnikov
236319,Dounia
236321,Dounia
236462,Dounia
236488,Dmitri Prokofitch
236524,Dounia
236571,Dounia
236608,Rodya
236653,Rodya
236744,Pulcheria Alexandrovna
236834,Pulcheria Alexandrovna
236897,Rodya
236962,Dounia
237053,Pulcheria Alexandrovna
237080,Rodya
237251,Dounia
237265,Sofya Semyonovna
237290,Dmitri Prokofitch
237655,Rodya
237657,Rodya
237757,Raskolnikov
237787,Raskolnikov
237857,Raskolnikov
237892,Nastasya
237921,Porfiry
237929,Dounia
238021,Sofya Semyonovna
238043,Raskolnikov
238060,Dounia
238173,Sofya Semyonovna
238193,Raskolnikov
238238,Dounia
238262,Dounia
238338,Dounia
238382,Dounia
238424,Dounia
238430,Rodya
238490,Rodya
238496,Dounia
238515,Dounia
238799,Dounia
239135,Dounia
239296,Razumihin
239379,Dounia
239501,Dounia
239550,Dounia
239723,Dounia
239819,Dounia
240084,Sonia
240096,Sonia
240106,Dounia
240122,Svidrigaïlov
240126,Sonia
240148,Dounia
240172,Sonia
240203,Dounia
240231,Sonia
240253,Dounia
240255,Dounia
240274,Raskolnikov
240292,Dounia
240300,Sonia
240328,Sonia
240342,Dounia
240386,Sonia
240389,Svidrigaïlov
240398,Raskolnikov
240453,Sonia
240523,Raskolnikov
240535,Sonia
240562,Sonia
240617,Sonia
240706,Porfiry
240846,Sonia
240929,Lizaveta
241021,Sonia
241149,Dounia
241169,Sonia
241190,Sonia
241210,Sonia
241232,Marmeladov
241242,Raskolnikov
241287,Sonia
241348,Sonia
241458,Sonia
242076,Raskolnikov
242156,Sonia
242441,Raskolnikov
242540,Sonia
242569,Raskolnikov
242580,Sonia
242707,Raskolnikov
242800,Ilya Petrovitch
242819,Nikodim Fomitch
242831,Nikodim Fomitch
242913,Raskolnikov
242960,Zametov
242970,Nikodim Fomitch
242979,Raskolnikov
243043,Raskolnikov
243073,Raskolnikov
243095,Ilya Petrovitch
243166,Dostoevsky
243182,Raskolnikov
243204,Raskolnikov
243211,Raskolnikov
243229,Rodion Ro
243246,Rodion Romanovitch
243258,Rodion Romanovitch
243577,Zametov
243601,Zametov
243611,Zametov
243707,Razumihin
243786,Livingstone
243951,Zametov
243953,Zametov
244061,Raskolnikov
244070,Ilya Petrovitch
244124,Ilya Petrovitch
244184,Ilya Petrovitch
244226,Zametov
244287,Nil Pavlitch
244319,Raskolnikov
244325,Svidrigaïlov
244340,Svidrigaïlov
244496,Raskolnikov
244533,Raskolnikov
244571,Ilya Petrovitch
244620,Raskolnikov
244722,Sonia
244787,Ilya Petrovitch
244831,Raskolnikov
244890,Raskolnikov
244907,Ilya Petrovitch
244938,Raskolnikov
244946,Raskolnikov
244975,Lizaveta
244984,Ilya Petrovitch
244997,Raskolnikov
245048,Rodion Raskolnikov
245177,Lizaveta
245183,Koch
245211,Nikolay
245213,Dmitri
245512,Raskolnikov
245524,Zossimov
245545,Raskolnikov
245803,Lizaveta
245846,Nikolay
245870,Porfiry Petrovitch
245902,Razumihin
245909,Raskolnikov
245956,Raskolnikov
245974,Raskolnikov
245994,Raskolnikov
246069,Raskolnikov
246075,Dounia
246077,Razumihin
246091,Razumihin
246122,Avdotya Romanovna
246129,Pulcheria Alexandrovna
246150,Dounia
246174,Razumihin
246189,Raskolnikov
246237,Pulcheria Alexandrovna
246298,Rodya
246342,Razumihin
246389,Rodya
246510,Dounia
246534,Pulcheria Alexandrovna
246553,Rodya
246580,Dounia
246623,Dounia
246647,Svidrigaïlov
246743,Raskolnikov
246751,Razumihin
246753,Sonia
246773,Dounia
246787,Razumihin
246792,Razumihin
246875,Raskolnikov
246910,Dounia
246926,Sonia
246945,Svidrigaïlov
246947,Sonia
246973,Raskolnikov
247002,Razumihin
247033,Sonia
247044,Dounia
247048,Razumihin
247058,Porfiry Petrovitch
247061,Zossimov
247070,Razumihin
247078,Dounia
247150,Sonia
247152,Pulcheria Alexandrovna
247161,Dounia
247165,Razumihin
247183,Razumihin
247187,Raskolnikov
247224,Pulcheria Alexandrovna
247251,Dounia
247301,Dounia
247327,Raskolnikov
247337,Pulcheria Alexandrovna
247394,Rodya
247457,Dounia
247489,Pulcheria Alexandrovna
247547,Raskolnikov
247578,Sonia
247599,Sonia
247638,Sonia
247660,Raskolnikov
247779,Dounia
247796,Sonia
248009,Sonia
248040,Sonia
248121,Sonia
248257,Sonia
248315,Raskolnikov
248332,Dounia
248381,Sonia
248544,Sonia
248546,Sonia
248567,Sonia
248677,Raskolnikov
249289,Svidrigaïlov
249688,Raskolnikov
249730,Raskolnikov
249919,Raskolnikov
249972,Sonia
250061,Sonia
250090,Sonia
250113,Raskolnikov
250140,Sofya Semyonovna
250684,Raskolnikov
250737,Sonia
250805,Raskolnikov
250824,Sonia
250862,Sonia
250897,Sofya Semyonovna
250940,Sonia
251070,Raskolnikov
251176,Abraham
251184,Raskolnikov
251216,Sonia
251630,Raskolnikov
251860,Sonia
251874,Lazarus
